year	sex	age	age_label	age4data	pop_worker	employed	unemployed	regular	non_regular
2013	F	15	15〜19歳	17.5	15.6	14.9	6.5	47.7	52.3
2013	F	20	20〜24歳	22.5	70.3	66	6.1		
2013	F	25	25〜29歳	27.5	79	74.9	5.2	58.6	41.4
2013	F	30	30〜34歳	32.5	70.1	67.2	4.2		
2013	F	35	35〜39歳	37.5	69.6	66.9	3.8	45.2	54.8
2013	F	40	40〜44歳	42.5	73.1	70.2	4		
2013	F	45	45〜49歳	47.5	76.1	73.7	3.2	40.8	59.2
2013	F	50	50〜54歳	52.5	74.9	72.8	3.1		
2013	F	55	55〜59歳	57.5	66.5	64.7	2.7	32.5	67.5
2013	F	60	60〜64歳	62.5	47.4	46	3		
2013	F	65	65〜69歳	67.5	29.8	29.3	1.5	26.3	73.7
2013	F	70	70歳以上	72.5	8.6	8.5	0.9		
2012	F	15	15〜19歳	17.5	14.6	13.6	7	49.4	50.6
2012	F	20	20〜24歳	22.5	68.7	63.5	7.1		
2012	F	25	25〜29歳	27.5	77.6	73.3	5.6	59.1	40.9
2012	F	30	30〜34歳	32.5	68.6	65.6	4.5		
2012	F	35	35〜39歳	37.5	67.7	64.7	4.4	46.2	53.8
2012	F	40	40〜44歳	42.5	71.7	68.7	4.5		
2012	F	45	45〜49歳	47.5	75.7	73	3.6	41.6	58.4
2012	F	50	50〜54歳	52.5	73.4	71	3.2		
2012	F	55	55〜59歳	57.5	64.6	62.6	2.7	34.6	65.4
2012	F	60	60〜64歳	62.5	45.8	44.5	3.3		
2012	F	65	65〜69歳	67.5	28.3	27.8	1.7	28.6	71.4
2012	F	70	70歳以上	72.5	8.7	8.6	0.9		
2011	F	15	15〜19歳	17.5	14.9	13.8	7.1	50.6	49.4
2011	F	20	20〜24歳	22.5	68.2	63.5	6.9		
2011	F	25	25〜29歳	27.5	77.4	72.6	5.7	59	41
2011	F	30	30〜34歳	32.5	67.5	64.1	4.7		
2011	F	35	35〜39歳	37.5	67.1	64.1	4.2	45.4	54.6
2011	F	40	40〜44歳	42.5	70.8	67.6	4.5		
2011	F	45	45〜49歳	47.5	75.8	72.9	3.8	42.2	57.8
2011	F	50	50〜54歳	52.5	72.5	70.1	3.0		
2011	F	55	55〜59歳	57.5	63.7	62.0	2.8	34	66
2011	F	60	60〜64歳	62.5	46.1	44.6	3.4		
2011	F	65	65〜69歳	67.5	27.6	27.1	1.8	29.3	70.7
2011	F	70	70歳以上	72.5	8.7	8.6			
2010	F	15	15〜19歳	17.5	15.9	14.6	8.5	50.4	49.6
2010	F	20	20〜24歳	22.5	69.4	63.6	7.9		
2010	F	25	25〜29歳	27.5	77.1	72.7	6.1	58.6	41.4
2010	F	30	30〜34歳	32.5	67.8	64.1	5.4		
2010	F	35	35〜39歳	37.5	66.2	62.6	5.4	46.3	53.7
2010	F	40	40〜44歳	42.5	71.6	68.3	4.6		
2010	F	45	45〜49歳	47.5	75.8	72.7	4	42.3	57.7
2010	F	50	50〜54歳	52.5	72.8	70.2	3.2		
2010	F	55	55〜59歳	57.5	63.3	61.2	3.2	36	64
2010	F	60	60〜64歳	62.5	45.7	44.2	3.5		
2010	F	65	65〜69歳	67.5	27.4	26.9	1.7	30.3	69.7
2010	F	70	70歳以上	72.5	8.4	8.4	1		
2009	F	15	15〜19歳	17.5	16.2	14.8	8.3	51.2	48.8
2009	F	20	20〜24歳	22.5	70.2	64.3	8		
2009	F	25	25〜29歳	27.5	77.2	72.1	6.3	58.6	41.4
2009	F	30	30〜34歳	32.5	67.2	63	5.9		
2009	F	35	35〜39歳	37.5	65.5	62.1	5.1	46.1	53.9
2009	F	40	40〜44歳	42.5	71.7	68.2	4.6		
2009	F	45	45〜49歳	47.5	75.3	72.2	4.1	42.4	57.6
2009	F	50	50〜54歳	52.5	72.5	69.9	3.5		
2009	F	55	55〜59歳	57.5	62.5	60.6	3.1	37.3	62.7
2009	F	60	60〜64歳	62.5	44.6	42.9	3.8		
2009	F	65	65〜69歳	67.5	27	26.3	1.7	30.9	69.1
2009	F	70	70歳以上	72.5	8.3	8.2	1		
2008	F	15	15〜19歳	17.5	16.2	15.2	6.1	51.7	48.3
2008	F	20	20〜24歳	22.5	69.7	64.8	6.6		
2008	F	25	25〜29歳	27.5	76.1	71.8	5.6	58.8	41.2
2008	F	30	30〜34歳	32.5	65.1	61.7	5.2		
2008	F	35	35〜39歳	37.5	64.9	62.2	4.2	45	55
2008	F	40	40〜44歳	42.5	71.1	68.7	3.4		
2008	F	45	45〜49歳	47.5	75.5	72.9	3.1	42.5	57.5
2008	F	50	50〜54歳	52.5	71.6	69.8	2.5		
2008	F	55	55〜59歳	57.5	61.6	60	2.6	36	64
2008	F	60	60〜64歳	62.5	43.6	42.5	2.5		
2008	F	65	65〜69歳	67.5	26	25.5	1.9	29.9	70.1
2008	F	70	70歳以上	72.5	8.5	8.5	1		
2007	F	15	15〜19歳	17.5	16.2	14.9	8	50.4	49.6
2007	F	20	20〜24歳	22.5	69.5	64.7	6.9		
2007	F	25	25〜29歳	27.5	75.8	71.4	5.5	57.6	42.4
2007	F	30	30〜34歳	32.5	64	61	4.7		
2007	F	35	35〜39歳	37.5	64.3	61.5	4.3	45.4	54.6
2007	F	40	40〜44歳	42.5	72	69.8	3.4		
2007	F	45	45〜49歳	47.5	75.6	73.8	2.7	41.8	58.2
2007	F	50	50〜54歳	52.5	70.8	69	2.4		
2007	F	55	55〜59歳	57.5	60.8	59.5	2.2	38.2	61.8
2007	F	60	60〜64歳	62.5	42.2	41	2.8		
2007	F	65	65〜69歳	67.5	25.8	25.6	1.9	33.3	66.7
2007	F	70	70歳以上	72.5	8.4	8.4	1		
2006	F	15	15〜19歳	17.5	16.6	15	9.6	51.1	48.9
2006	F	20	20〜24歳	22.5	70.1	65.4	6.7		
2006	F	25	25〜29歳	27.5	75.7	71.5	5.2	58.5	41.5
2006	F	30	30〜34歳	32.5	62.8	59.7	5		
2006	F	35	35〜39歳	37.5	63.6	60.9	4.2	44.6	55.4
2006	F	40	40〜44歳	42.5	71.4	68.9	3.5		
2006	F	45	45〜49歳	47.5	74	72.1	2.5	42.3	57.7
2006	F	50	50〜54歳	52.5	70.5	68.6	2.7		
2006	F	55	55〜59歳	57.5	60.3	58.6	2.8	38.7	61.3
2006	F	60	60〜64歳	62.5	40.2	39	3		
2006	F	65	65〜69歳	67.5	25.1	24.6	1	34.3	65.7
2006	F	70	70歳以上	72.5	8.7	8.7	1		
2005	F	15	15〜19歳	17.5	16.5	14.9	9.4	48.9	51.1
2005	F	20	20〜24歳	22.5	69.8	65	6.9		
2005	F	25	25〜29歳	27.5	74.9	70.3	6.1	59.3	40.7
2005	F	30	30〜34歳	32.5	62.7	58.8	6.3		
2005	F	35	35〜39歳	37.5	63	60	4.7	45.5	54.5
2005	F	40	40〜44歳	42.5	71	68.3	3.5		
2005	F	45	45〜49歳	47.5	73.9	71.8	2.8	42.5	57.5
2005	F	50	50〜54歳	52.5	68.8	67	2.9		
2005	F	55	55〜59歳	57.5	60	58.4	2.6	39	61
2005	F	60	60〜64歳	62.5	40.1	39	2.8		
2005	F	65	65〜69歳	67.5	24	23.7	1.1	31	69
2005	F	70	70歳以上	72.5	8.7	8.7			
2004	F	15	15〜19歳	17.5	16.3	14.5	11.1	51.1	48.9
2004	F	20	20〜24歳	22.5	68.9	63.6	7.7		
2004	F	25	25〜29歳	27.5	74	69.6	5.9	59.8	40.2
2004	F	30	30〜34歳	32.5	61.4	58.1	5.7		
2004	F	35	35〜39歳	37.5	62.4	59.3	5.2	45.1	54.9
2004	F	40	40〜44歳	42.5	70.4	67.6	3.6		
2004	F	45	45〜49歳	47.5	73	70.7	3.1	44.1	55.9
2004	F	50	50〜54歳	52.5	68.4	66.2	3.1		
2004	F	55	55〜59歳	57.5	59.6	58	2.8	39.2	60.8
2004	F	60	60〜64歳	62.5	39.7	38.4	3.4		
2004	F	65	65〜69歳	67.5	24	23.8	2.2	33.3	66.7
2004	F	70	70歳以上	72.5	8.7	8.7			
2003	F	15	15〜19歳	17.5	16.6	14.9	10.5	51.6	48.4
2003	F	20	20〜24歳	22.5	69.4	63.4	8.2		
2003	F	25	25〜29歳	27.5	73.4	68.1	6.9	62.2	37.8
2003	F	30	30〜34歳	32.5	60.3	56.3	6.6		
2003	F	35	35〜39歳	37.5	63.1	59.5	5.3	45.9	54.1
2003	F	40	40〜44歳	42.5	70.3	67.4	4		
2003	F	45	45〜49歳	47.5	72.5	70.3	3.1	43.7	56.3
2003	F	50	50〜54歳	52.5	68.1	65.9	3.2		
2003	F	55	55〜59歳	57.5	58.9	56.7	3.3	40.8	59.2
2003	F	60	60〜64歳	62.5	39.4	37.5	4.2		
2003	F	65	65〜69歳	67.5	23.8	23.3	2.2	35.1	64.9
2003	F	70	70歳以上	72.5	8.8	8.8			
2002	F	15	15〜19歳	17.5	16.7	14.7	10.2	52.5	47.5
2002	F	20	20〜24歳	22.5	70.1	64.5	8.3		
2002	F	25	25〜29歳	27.5	71.8	66.2	7.7	63.3	36.7
2002	F	30	30〜34歳	32.5	60.3	56	7.1		
2002	F	35	35〜39歳	37.5	61.8	58.6	5.2	47.4	52.6
2002	F	40	40〜44歳	42.5	70.5	67.6	4		
2002	F	45	45〜49歳	47.5	72.4	69.8	3.7	45.3	54.7
2002	F	50	50〜54歳	52.5	67.7	65.4	3.6		
2002	F	55	55〜59歳	57.5	58.1	56.2	3.2	42.1	57.9
2002	F	60	60〜64歳	62.5	39.2	37.5	4.3		
2002	F	65	65〜69歳	67.5	24	23.7	1.1	35.8	64.2
2002	F	70	70歳以上	72.5	9	8.8			
2001	F	15	15〜19歳	17.5	17.5	15.6	11.1	55.1	44.9
2001	F	20	20〜24歳	22.5	72	66.1	8.2		
2001	F	25	25〜29歳	27.5	71.1	66	7.2	65.1	34.9
2001	F	30	30〜34歳	32.5	58.8	55.1	6.4		
2001	F	35	35〜39歳	37.5	62.3	59.3	4.8	47.1	52.9
2001	F	40	40〜44歳	42.5	70.1	67.8	3.3		
2001	F	45	45〜49歳	47.5	72.7	70.4	3.2	47	53
2001	F	50	50〜54歳	52.5	68.2	66	3.2		
2001	F	55	55〜59歳	57.5	58.4	56.5	3.2	43	57
2001	F	60	60〜64歳	62.5	39.5	37.7	4.4		
2001	F	65	65〜69歳	67.5	24.4	24.1	1.1	40.4	59.6
2001	F	70	70歳以上	72.5	9.4	9.4	0		
2000	F	15	15〜19歳	17.5	16.6	15	9.8	57.7	42.3
2000	F	20	20〜24歳	22.5	72.7	67.3	7.5		
2000	F	25	25〜29歳	27.5	69.9	65	6.7	68	32
2000	F	30	30〜34歳	32.5	57.1	53.7	6		
2000	F	35	35〜39歳	37.5	61.4	58.9	4.1	46.7	53.3
2000	F	40	40〜44歳	42.5	69.3	67.3	3.3		
2000	F	45	45〜49歳	47.5	71.8	69.8	3.1	48	52
2000	F	50	50〜54歳	52.5	68.2	66.1	3.1		
2000	F	55	55〜59歳	57.5	58.7	56.7	3.1	44.1	55.9
2000	F	60	60〜64歳	62.5	39.5	37.8	4.5		
2000	F	65	65〜69歳	67.5	25.4	25.1	1.1	40.4	59.6
2000	F	70	70歳以上	72.5	9.8	9.8	0		
1999	F	15	15〜19歳	17.5	16.8	15.2	9.5	60.2	39.8
1999	F	20	20〜24歳	22.5	72.4	66.7	7.9		
1999	F	25	25〜29歳	27.5	69.7	64.7	7.1	68.4	31.6
1999	F	30	30〜34歳	32.5	56.7	53.4	5.8		
1999	F	35	35〜39歳	37.5	61.5	59	4.2	48	52
1999	F	40	40〜44歳	42.5	69.5	67.3	3.3		
1999	F	45	45〜49歳	47.5	71.8	69.7	2.9	47.6	52.4
1999	F	50	50〜54歳	52.5	67.9	65.8	3		
1999	F	55	55〜59歳	57.5	58.7	57.1	3	48.8	51.2
1999	F	60	60〜64歳	62.5	39.7	38.5	3.8		
1999	F	65	65〜69歳	67.5	26.2	26	1	41.3	58.7
1999	F	70	70歳以上	72.5	10.1	10.1			
1998	F	15	15〜19歳	17.5	17.3	15.7	9.1	62.5	37.5
1998	F	20	20〜24歳	22.5	73.4	68.4	6.9		
1998	F	25	25〜29歳	27.5	69.2	64.6	6.7	70.6	29.4
1998	F	30	30〜34歳	32.5	55.8	52.9	5.6		
1998	F	35	35〜39歳	37.5	62.2	59.9	3.7	50.6	49.4
1998	F	40	40〜44歳	42.5	70.2	68.2	2.9		
1998	F	45	45〜49歳	47.5	72.4	70.4	2.4	51	49
1998	F	50	50〜54歳	52.5	67.8	66.3	2.2		
1998	F	55	55〜59歳	57.5	59.1	57.4	2.8	48.7	51.3
1998	F	60	60〜64歳	62.5	40.1	38.8	3.1		
1998	F	65	65〜69歳	67.5	26.5	26.2	1	45.7	54.3
1998	F	70	70歳以上	72.5	10.4	10.2			
1997	F	15	15〜19歳	17.5	16.8	15.3	7.6	65.1	34.9
1997	F	20	20〜24歳	22.5	73.4	68.9	6.1		
1997	F	25	25〜29歳	27.5	68.2	63.9	6.3	71.6	28.4
1997	F	30	30〜34歳	32.5	56.2	53.7	4.4		
1997	F	35	35〜39歳	37.5	62.3	60.5	2.9	50.5	49.5
1997	F	40	40〜44歳	42.5	70.9	69.4	2.1		
1997	F	45	45〜49歳	47.5	72.2	70.8	2	51.2	48.8
1997	F	50	50〜54歳	52.5	67.9	66.5	2		
1997	F	55	55〜59歳	57.5	58.7	57.5	2	51.9	48.1
1997	F	60	60〜64歳	62.5	39.8	38.8	2.5		
1997	F	65	65〜69歳	67.5	27.2	27.2	1	45.7	54.3
1997	F	70	70歳以上	72.5	10.2	10			
1996	F	15	15〜19歳	17.5	16.3	14.9	9.1	70.2	29.8
1996	F	20	20〜24歳	22.5	73.8	69.2	6.2		
1996	F	25	25〜29歳	27.5	67.9	63.9	5.5	72.8	27.2
1996	F	30	30〜34歳	32.5	54.8	52.3	4.6		
1996	F	35	35〜39歳	37.5	60.8	59	3	52.6	47.4
1996	F	40	40〜44歳	42.5	69.5	67.8	2.3		
1996	F	45	45〜49歳	47.5	71.6	70.2	2	51.6	48.4
1996	F	50	50〜54歳	52.5	66.9	65.7	2.1		
1996	F	55	55〜59歳	57.5	58.1	56.6	2.1	54	46
1996	F	60	60〜64歳	62.5	39	38	2.6		
1996	F	65	65〜69歳	67.5	27	26.7	1.1	45.9	54.1
1996	F	70	70歳以上	72.5	10.1	10.1			
1995	F	15	15〜19歳	17.5	16	14.8	7.5	71.7	28.3
1995	F	20	20〜24歳	22.5	74.1	69.8	5.8		
1995	F	25	25〜29歳	27.5	66.4	63	5.2	73.2	26.8
1995	F	30	30〜34歳	32.5	53.7	51.1	4.7		
1995	F	35	35〜39歳	37.5	60.5	58.7	3	51	49
1995	F	40	40〜44歳	42.5	69.5	67.9	2.2		
1995	F	45	45〜49歳	47.5	71.3	69.8	2.1	53.1	46.9
1995	F	50	50〜54歳	52.5	67.1	65.8	2		
1995	F	55	55〜59歳	57.5	57	56	1.7	56.1	43.9
1995	F	60	60〜64歳	62.5	39.7	38.7	2.6		
1995	F	65	65〜69歳	67.5	27.2	26.9	1.1	48.6	51.4
1995	F	70	70歳以上	72.5	10.3	10.3			
1994	F	15	15〜19歳	17.5	17	15.8	6.8	76.8	23.2
1994	F	20	20〜24歳	22.5	74.2	70.5	5		
1994	F	25	25〜29歳	27.5	65.3	61.7	5.4	72.6	27.4
1994	F	30	30〜34歳	32.5	53.5	51.4	3.8		
1994	F	35	35〜39歳	37.5	61.6	60.1	2.5	52.3	47.7
1994	F	40	40〜44歳	42.5	69.8	68.3	2.4		
1994	F	45	45〜49歳	47.5	71.2	69.8	2	52.8	47.2
1994	F	50	50〜54歳	52.5	67.4	66.3	1.6		
1994	F	55	55〜59歳	57.5	56.4	55.4	1.8	55.2	44.8
1994	F	60	60〜64歳	62.5	39.4	38.6	2		
1994	F	65	65〜69歳	67.5	27.5	27.2	1.1	45.2	54.8
1994	F	70	70歳以上	72.5	10.4	10.4			
1993	F	15	15〜19歳	17.5	17.4	16.3	6.3	76.4	23.6
1993	F	20	20〜24歳	22.5	74.5	70.7	5.1		
1993	F	25	25〜29歳	27.5	64.3	61.2	4.5	72.9	27.1
1993	F	30	30〜34歳	32.5	52.7	50.9	3.4		
1993	F	35	35〜39歳	37.5	61.7	60.2	2.4	52.9	47.1
1993	F	40	40〜44歳	42.5	70.3	68.9	1.9		
1993	F	45	45〜49歳	47.5	71.9	70.6	1.8	52.6	47.4
1993	F	50	50〜54歳	52.5	66.9	66	1.4		
1993	F	55	55〜59歳	57.5	56.4	55.7	1.3	54.9	45.1
1993	F	60	60〜64歳	62.5	40.1	39.3	2		
1993	F	65	65〜69歳	67.5	28	28		43.6	56.4
1993	F	70	70歳以上	72.5	10.1	10.1			
1992	F	15	15〜19歳	17.5	17.6	16.6	6	79.6	20.4
1992	F	20	20〜24歳	22.5	75.6	72.8	3.7		
1992	F	25	25〜29歳	27.5	64	61.8	3.5	71.6	28.4
1992	F	30	30〜34歳	32.5	52.7	51.2	3		
1992	F	35	35〜39歳	37.5	62.4	61.2	1.9	50.9	49.1
1992	F	40	40〜44歳	42.5	70.5	69.2	1.8		
1992	F	45	45〜49歳	47.5	72	70.9	1.6	53	47
1992	F	50	50〜54歳	52.5	67.6	66.7	1.4		
1992	F	55	55〜59歳	57.5	55.6	54.8	1.3	55	45
1992	F	60	60〜64歳	62.5	40.7	40.1	1.4		
1992	F	65	65〜69歳	67.5	29.3	29.3	1.1	50	50
1992	F	70	70歳以上	72.5	10.7	10.5			
1991	F	15	15〜19歳	17.5	17.8	16.8	5.8	79.7	20.3
1991	F	20	20〜24歳	22.5	75.6	72.9	3.8		
1991	F	25	25〜29歳	27.5	63.2	60.9	4	74.7	25.3
1991	F	30	30〜34歳	32.5	52.9	51.6	2.5		
1991	F	35	35〜39歳	37.5	62.1	60.7	2.2	51.5	48.5
1991	F	40	40〜44歳	42.5	70.4	69.1	1.5		
1991	F	45	45〜49歳	47.5	72.1	71	1.3	54	46
1991	F	50	50〜54歳	52.5	66.5	65.5	1.4		
1991	F	55	55〜59歳	57.5	55.5	54.8	1.8	55.2	44.8
1991	F	60	60〜64歳	62.5	40.7	40.2	1.4		
1991	F	65	65〜69歳	67.5	28.7	28.7		48.4	51.6
1991	F	70	70歳以上	72.5	10.6	10.6			
1990	F	15	15〜19歳	17.5	17.8	16.8	5.7	79.3	20.7
1990	F	20	20〜24歳	22.5	75.1	72.4	3.7		
1990	F	25	25〜29歳	27.5	61.4	59.1	3.7	71.8	28.2
1990	F	30	30〜34歳	32.5	51.7	50.4	2.5		
1990	F	35	35〜39歳	37.5	62.6	61.3	2.1	50.3	49.7
1990	F	40	40〜44歳	42.5	69.6	68.4	1.6		
1990	F	45	45〜49歳	47.5	71.7	70.6	1.5	55.2	44.8
1990	F	50	50〜54歳	52.5	65.5	64.5	1.5		
1990	F	55	55〜59歳	57.5	53.9	52.9	1.4	55	45
1990	F	60	60〜64歳	62.5	39.5	39	1.4		
1990	F	65	65〜69歳	67.5	27.6	27.6		50	50
1990	F	70	70歳以上	72.5	10.4	10.4			
1989	F	15	15〜19歳	17.5	17.3	16.3	6	80.1	19.9
1989	F	20	20〜24歳	22.5	74.3	71.5	3.8		
1989	F	25	25〜29歳	27.5	59.6	57.3	3.9	75.5	24.5
1989	F	30	30〜34歳	32.5	51.1	49.6	3		
1989	F	35	35〜39歳	37.5	62.4	61.1	2	51.8	48.2
1989	F	40	40〜44歳	42.5	68.8	67.7	1.8		
1989	F	45	45〜49歳	47.5	70.7	69.6	1.5	56.8	43.2
1989	F	50	50〜54歳	52.5	64.2	63.2	1.5		
1989	F	55	55〜59歳	57.5	52.2	51.2	2	56.8	43.2
1989	F	60	60〜64歳	62.5	39.2	38.3	1.5		
1989	F	65	65〜69歳	67.5	26.7	26.7		50	50
1989	F	70	70歳以上	72.5	10.3	10.3			
1988	F	15	15〜19歳	17.5	16.5	15.2	6.3	83.6	16.4
1988	F	20	20〜24歳	22.5	73.7	70.6	4.2		
1988	F	25	25〜29歳	27.5	58.2	55.7	4.4	74.1	25.9
1988	F	30	30〜34歳	32.5	50.9	49.4	3		
1988	F	35	35〜39歳	37.5	61.3	60	2.2	52.4	47.6
1988	F	40	40〜44歳	42.5	68.1	66.6	2.2		
1988	F	45	45〜49歳	47.5	69.3	68.2	1.6	57.4	42.6
1988	F	50	50〜54歳	52.5	63.3	62.4	1.9		
1988	F	55	55〜59歳	57.5	50.9	49.9	2.1	59.4	40.6
1988	F	60	60〜64歳	62.5	38.6	38	1.6		
1988	F	65	65〜69歳	67.5	26.5	26.5		54.2	45.8
1988	F	70	70歳以上	72.5	10.3	10.3			
1987	F	15	15〜19歳	17.5	16.6	15.5	7.7		
1987	F	20	20〜24歳	22.5	73.6	70.4	4.3		
1987	F	25	25〜29歳	27.5	56.9	54	4.6		
1987	F	30	30〜34歳	32.5	50.5	49	2.9		
1987	F	35	35〜39歳	37.5	61.3	59.7	2.4		
1987	F	40	40〜44歳	42.5	68.4	66.8	2.3		
1987	F	45	45〜49歳	47.5	68.4	67.1	2		
1987	F	50	50〜54歳	52.5	61.8	60.6	2		
1987	F	55	55〜59歳	57.5	50.8	49.7	2.1		
1987	F	60	60〜64歳	62.5	38.5	37.6	2.4		
1987	F	65	65〜69歳	67.5	26.5	26.5			
1987	F	70	70歳以上	72.5	10.1	10.1			
1986	F	15	15〜19歳	17.5	17.2	16.1	6.4		
1986	F	20	20〜24歳	22.5	73.8	70.3	4.7		
1986	F	25	25〜29歳	27.5	54.5	51.9	4.8		
1986	F	30	30〜34歳	32.5	50	48.4	3.3		
1986	F	35	35〜39歳	37.5	61	59.4	2.3		
1986	F	40	40〜44歳	42.5	68.8	67.2	2		
1986	F	45	45〜49歳	47.5	68.1	66.9	1.7		
1986	F	50	50〜54歳	52.5	61.7	60.4	2		
1986	F	55	55〜59歳	57.5	49.9	48.8	2.2		
1986	F	60	60〜64歳	62.5	38.6	37.9	1.7		
1986	F	65	65〜69歳	67.5	26.3	25.9			
1986	F	70	70歳以上	72.5	9.8	9.8			
1985	F	15	15〜19歳	17.5	16.6	15.7	5.6		
1985	F	20	20〜24歳	22.5	71.9	68.7	4.5		
1985	F	25	25〜29歳	27.5	54.1	51.5	4.8		
1985	F	30	30〜34歳	32.5	50.6	49	3.1		
1985	F	35	35〜39歳	37.5	60	58.5	2.2		
1985	F	40	40〜44歳	42.5	67.9	66.6	1.9		
1985	F	45	45〜49歳	47.5	68.1	66.9	1.8		
1985	F	50	50〜54歳	52.5	61	60	1.6		
1985	F	55	55〜59歳	57.5	51	49.9	2.2		
1985	F	60	60〜64歳	62.5	38.5	37.9	1.7		
1985	F	65	65〜69歳	67.5	26.8	26.4	1.6		
1985	F	70	70歳以上	72.5	10	10			
1984	F	15	15〜19歳	17.5	18.5	17.5	5.1		
1984	F	20	20〜24歳	22.5	72.4	68.9	4.9		
1984	F	25	25〜29歳	27.5	53.9	51.4	4.2		
1984	F	30	30〜34歳	32.5	50.6	49	2.9		
1984	F	35	35〜39歳	37.5	59.6	58	2.7		
1984	F	40	40〜44歳	42.5	68.1	66.6	2.2		
1984	F	45	45〜49歳	47.5	67.1	65.9	1.8		
1984	F	50	50〜54歳	52.5	61	59.7	2.1		
1984	F	55	55〜59歳	57.5	50.9	49.7	2.2		
1984	F	60	60〜64歳	62.5	38	37.7	1.8		
1984	F	65	65〜69歳	67.5	27	27	1.6		
1984	F	70	70歳以上	72.5	10.2	10.2			
1983	F	15	15〜19歳	17.5	18.7	17.9	5.1		
1983	F	20	20〜24歳	22.5	72.1	69	4.3		
1983	F	25	25〜29歳	27.5	52.8	50.8	3.8		
1983	F	30	30〜34歳	32.5	50.4	48.8	3.1		
1983	F	35	35〜39歳	37.5	60.3	58.6	2.4		
1983	F	40	40〜44歳	42.5	67.6	66.2	2		
1983	F	45	45〜49歳	47.5	66.9	65.7	1.8		
1983	F	50	50〜54歳	52.5	60.6	59.5	1.7		
1983	F	55	55〜59歳	57.5	51.5	50.6	2.3		
1983	F	60	60〜64歳	62.5	39.6	38.8	1.8		
1983	F	65	65〜69歳	67.5	27.4	27	1.6		
1983	F	70	70歳以上	72.5	10.3	10.3			
1982	F	15	15〜19歳	17.5	17.2	16.5	4.3		
1982	F	20	20〜24歳	22.5	71.1	68	4.4		
1982	F	25	25〜29歳	27.5	51	49	3.3		
1982	F	30	30〜34歳	32.5	49.5	48.1	2.6		
1982	F	35	35〜39歳	37.5	59.7	58.6	1.9		
1982	F	40	40〜44歳	42.5	65.7	64.4	1.7		
1982	F	45	45〜49歳	47.5	65.9	64.9	1.5		
1982	F	50	50〜54歳	52.5	59.4	58.3	1.3		
1982	F	55	55〜59歳	57.5	50.3	49.4	1.8		
1982	F	60	60〜64歳	62.5	38.6	38.2	1		
1982	F	65	65〜69歳	67.5	26.6	26.2			
1982	F	70	70歳以上	72.5	10	10			
1981	F	15	15〜19歳	17.5	18	17.5	4.2		
1981	F	20	20〜24歳	22.5	70.3	67.7	3.7		
1981	F	25	25〜29歳	27.5	50	48.4	3.7		
1981	F	30	30〜34歳	32.5	48.9	47.7	2.6		
1981	F	35	35〜39歳	37.5	58.8	57.6	1.9		
1981	F	40	40〜44歳	42.5	64.6	63.7	1.5		
1981	F	45	45〜49歳	47.5	64.8	64.1	1.5		
1981	F	50	50〜54歳	52.5	58.8	58.2	1.4		
1981	F	55	55〜59歳	57.5	50	49.1	1.9		
1981	F	60	60〜64歳	62.5	38.5	37.7	1		
1981	F	65	65〜69歳	67.5	26.1	26.1			
1981	F	70	70歳以上	72.5	9.5	9.5			
1980	F	15	15〜19歳	17.5	18.5	18	2.7		
1980	F	20	20〜24歳	22.5	70	67.7	3.3		
1980	F	25	25〜29歳	27.5	49.2	47.5	3.6		
1980	F	30	30〜34歳	32.5	48.2	47.1	2.4		
1980	F	35	35〜39歳	37.5	58	56.9	1.9		
1980	F	40	40〜44歳	42.5	64.1	63.2	1.5		
1980	F	45	45〜49歳	47.5	64.4	63.7	1.5		
1980	F	50	50〜54歳	52.5	59.3	58.5	1.4		
1980	F	55	55〜59歳	57.5	50.5	49.8	1.3		
1980	F	60	60〜64歳	62.5	38.8	38.4	1		
1980	F	65	65〜69歳	67.5	25.8	25.8			
1980	F	70	70歳以上	72.5	9.6	9.6			
1979	F	15	15〜19歳	17.5	18.6	18.1	2.7		
1979	F	20	20〜24歳	22.5	69.9	67.3	3.3		
1979	F	25	25〜29歳	27.5	48.2	46.6	3.4		
1979	F	30	30〜34歳	32.5	47.5	46.3	2.5		
1979	F	35	35〜39歳	37.5	58.2	57.1	1.8		
1979	F	40	40〜44歳	42.5	63.8	62.8	1.5		
1979	F	45	45〜49歳	47.5	64.1	63.1	1.2		
1979	F	50	50〜54歳	52.5	59.1	58.5	0.9		
1979	F	55	55〜59歳	57.5	50.7	50	1.3		
1979	F	60	60〜64歳	62.5	38.8	38.4	1.1		
1979	F	65	65〜69歳	67.5	26.1	25.7			
1979	F	70	70歳以上	72.5	9.6	9.6			
1978	F	15	15〜19歳	17.5	20.2	19.7	2.5		
1978	F	20	20〜24歳	22.5	68.3	66	3.3		
1978	F	25	25〜29歳	27.5	46.6	45.3	3.3		
1978	F	30	30〜34歳	32.5	47.6	46.3	2.6		
1978	F	35	35〜39歳	37.5	57.2	56.1	2		
1978	F	40	40〜44歳	42.5	62.9	62	1.5		
1978	F	45	45〜49歳	47.5	63.9	62.8	1.2		
1978	F	50	50〜54歳	52.5	59	58.4	1.5		
1978	F	55	55〜59歳	57.5	51	50.3	1.4		
1978	F	60	60〜64歳	62.5	38.4	38.4	1.1		
1978	F	65	65〜69歳	67.5	25.8	25.8			
1978	F	70	70歳以上	72.5	9.5	9.5			
1977	F	15	15〜19歳	17.5	19.8	19.3	2.6		
1977	F	20	20〜24歳	22.5	67.6	65.4	3.2		
1977	F	25	25〜29歳	27.5	46	44.7	3.2		
1977	F	30	30〜34歳	32.5	46.2	45.3	2.4		
1977	F	35	35〜39歳	37.5	55.5	54.6	1.6		
1977	F	40	40〜44歳	42.5	62.1	61.4	1.5		
1977	F	45	45〜49歳	47.5	62.2	61.5	0.8		
1977	F	50	50〜54歳	52.5	58.5	57.9	1		
1977	F	55	55〜59歳	57.5	49.8	49.5	1.5		
1977	F	60	60〜64歳	62.5	38.2	37.8	1.1		
1977	F	65	65〜69歳	67.5	25.5	25.5			
1977	F	70	70歳以上	72.5	9.2	9.2			
1976	F	15	15〜19歳	17.5	19.1	18.6	2.7		
1976	F	20	20〜24歳	22.5	66.4	64.6	2.8		
1976	F	25	25〜29歳	27.5	44.3	43.2	2.8		
1976	F	30	30〜34歳	32.5	44.4	43.5	2		
1976	F	35	35〜39歳	37.5	54.3	53.6	1.3		
1976	F	40	40〜44歳	42.5	60.3	59.6	1.2		
1976	F	45	45〜49歳	47.5	61.4	60.6	0.9		
1976	F	50	50〜54歳	52.5	58.1	57.5	1.1		
1976	F	55	55〜59歳	57.5	49.6	49.2	1.5		
1976	F	60	60〜64歳	62.5	37.4	37	1.1		
1976	F	65	65〜69歳	67.5	25.5	25.5			
1976	F	70	70歳以上	72.5	9	9			
1975	F	15	15〜19歳	17.5	21.7	21.2	2.4		
1975	F	20	20〜24歳	22.5	66.2	64.4	2.7		
1975	F	25	25〜29歳	27.5	42.6	41.4	2.7		
1975	F	30	30〜34歳	32.5	43.9	43	2		
1975	F	35	35〜39歳	37.5	54	53.1	1.8		
1975	F	40	40〜44歳	42.5	59.9	59.2	1.2		
1975	F	45	45〜49歳	47.5	61.5	60.7	1.3		
1975	F	50	50〜54歳	52.5	57.8	57.5	1.1		
1975	F	55	55〜59歳	57.5	48.8	48.1	1.6		
1975	F	60	60〜64歳	62.5	38	37.6	1.1		
1975	F	65	65〜69歳	67.5	24.7	24.7			
1975	F	70	70歳以上	72.5	9.3	9.3			
1974	F	15	15〜19歳	17.5	23.9	23.4	2.1		
1974	F	20	20〜24歳	22.5	65.9	64.5	2.2		
1974	F	25	25〜29歳	27.5	43.3	42.5	1.8		
1974	F	30	30〜34歳	32.5	44.9	44.2	1.4		
1974	F	35	35〜39歳	37.5	54.7	53.9	1.3		
1974	F	40	40〜44歳	42.5	60.6	60.1	0.8		
1974	F	45	45〜49歳	47.5	62.4	61.9	0.9		
1974	F	50	50〜54歳	52.5	57.5	56.9	1.1		
1974	F	55	55〜59歳	57.5	49	48.6	0.8		
1974	F	60	60〜64歳	62.5	37.8	37.4	1.1		
1974	F	65	65〜69歳	67.5	25.7	25.7			
1974	F	70	70歳以上	72.5	9.7	9.7			
1973	F	15	15〜19歳	17.5	28	27.5	1.8		
1973	F	20	20〜24歳	22.5	67.3	65.8	2.3		
1973	F	25	25〜29歳	27.5	44.4	43.7	1.9		
1973	F	30	30〜34歳	32.5	46.9	46.4	1		
1973	F	35	35〜39歳	37.5	56.1	55.7	0.8		
1973	F	40	40〜44歳	42.5	62.2	61.7	0.8		
1973	F	45	45〜49歳	47.5	62.7	62.1	0.9		
1973	F	50	50〜54歳	52.5	58.7	58.4	0.6		
1973	F	55	55〜59歳	57.5	50.4	50	0.8		
1973	F	60	60〜64歳	62.5	38.4	37.9	1.2		
1973	F	65	65〜69歳	67.5	27	27			
1973	F	70	70歳以上	72.5	10.5	10.5			
1972	F	15	15〜19歳	17.5	28.5	27.8	1.7		
1972	F	20	20〜24歳	22.5	67.5	66	2.2		
1972	F	25	25〜29歳	27.5	42.9	42	2.1		
1972	F	30	30〜34歳	32.5	45.8	45.3	1.5		
1972	F	35	35〜39歳	37.5	55.4	54.9	0.9		
1972	F	40	40〜44歳	42.5	62	61.5	0.8		
1972	F	45	45〜49歳	47.5	62.5	61.9	0.5		
1972	F	50	50〜54歳	52.5	57.5	56.7	0.6		
1972	F	55	55〜59歳	57.5	49.2	48.4	0.8		
1972	F	60	60〜64歳	62.5	37.7	37.7			
1972	F	65	65〜69歳	67.5	25.6	25.6			
1972	F	70	70歳以上	72.5	9.9	9.9			
1971	F	15	15〜19歳	17.5	31.7	31.3	1.5		
1971	F	20	20〜24歳	22.5	69.2	67.7	2.1		
1971	F	25	25〜29歳	27.5	43.3	42.6	1.6		
1971	F	30	30〜34歳	32.5	46.1	45.6	1		
1971	F	35	35〜39歳	37.5	55.9	55.4	0.9		
1971	F	40	40〜44歳	42.5	62.2	61.7	0.9		
1971	F	45	45〜49歳	47.5	61.7	61.1	1		
1971	F	50	50〜54歳	52.5	57.8	57.5	0.6		
1971	F	55	55〜59歳	57.5	50.2	49.8	0.8		
1971	F	60	60〜64歳	62.5	38.5	38			
1971	F	65	65〜69歳	67.5	26.4	26.4			
1971	F	70	70歳以上	72.5	10.8	10.8			
1970	F	15	15〜19歳	17.5	33.6	33.1	1.3		
1970	F	20	20〜24歳	22.5	70.6	69.1	2.1		
1970	F	25	25〜29歳	27.5	45.5	44.9	1.4		
1970	F	30	30〜34歳	32.5	48.2	47.7	1		
1970	F	35	35〜39歳	37.5	57.5	57	0.9		
1970	F	40	40〜44歳	42.5	62.8	62.6	0.4		
1970	F	45	45〜49歳	47.5	63	62.7	0.5		
1970	F	50	50〜54歳	52.5	58.8	58.5	0.7		
1970	F	55	55〜59歳	57.5	48.7	48.7			
1970	F	60	60〜64歳	62.5	39.1	39.1			
1970	F	65	65〜69歳	67.5	27.8	27.8			
1970	F	70	70歳以上	72.5	11.6	11.6			
1969	F	15	15〜19歳	17.5	35.1	34.4	1.8		
1969	F	20	20〜24歳	22.5	70	68.8	1.7		
1969	F	25	25〜29歳	27.5	47	46.1	1.9		
1969	F	30	30〜34歳	32.5	49	48.3	1.5		
1969	F	35	35〜39歳	37.5	57.6	57.1	0.9		
1969	F	40	40〜44歳	42.5	64	63.5	0.4		
1969	F	45	45〜49歳	47.5	62.9	62.6	0.5		
1969	F	50	50〜54歳	52.5	57.7	57.3	0.7		
1969	F	55	55〜59歳	57.5	49.4	49.4	0.9		
1969	F	60	60〜64歳	62.5	39.2	38.6			
1969	F	65	65〜69歳	67.5	28.2	28.2			
1969	F	70	70歳以上	72.5	12.1	12.1			
1968	F	15	15〜19歳	17.5	38.2	37.4			
1968	F	20	20〜24歳	22.5	70	68.8	1.8		
1968	F	25	25〜29歳	27.5	48	47.3	1.9		
1968	F	30	30〜34歳	32.5	49.6	48.9	1.4		
1968	F	35	35〜39歳	37.5	58.4	57.9	0.9		
1968	F	40	40〜44歳	42.5	64.3	63.7	0.4		
1968	F	45	45〜49歳	47.5	63.4	63.1	0.5		
1968	F	50	50〜54歳	52.5	58	57.6	0.7		
1968	F	55	55〜59歳	57.5	49.6	49.1	0.9		
1968	F	60	60〜64歳	62.5	39	39			
1968	F	65	65〜69歳	67.5	28.3	28.3			
1968	F	70	70歳以上	72.5	12.6	12.6				