no	year	c1	c2	c3	label	value
1	1981			1	穀作農業	4307
2	1981			2	穀作以外のほ場作物農業	4458
3	1981			3	果樹・樹園農業	5689
4	1981			4	施設園芸農業	5714
5	1981			5	畜産農業	41185
6	1981			6	養蚕農業	2662
7	1981			7	各種農業	78
8	1981			8	農業サービス業（別掲を除く）	22565
9	1981			9	養蚕サービス業	1773
10	1981			10	畜産サービス業	19336
11	1981			11	園芸サービス業	15361
12	1981			12	育林業	71393
13	1981			13	製薪業，木炭製造業	178
14	1981			14	素材生産業	8171
15	1981			15	林業的サービス業	7586
16	1981			16	その他の林業	4971
17	1981			17	狩猟業	5
18	1981			18	捕鯨業	986
19	1981			19	一般海面漁業	76538
20	1981			20	内水面漁業	246
21	1981			21	海面養殖業	9330
22	1981			22	内水面養殖業	5117
23	1981			23	貴金属鉱業	699
24	1981			24	非鉄金属鉱業	7940
25	1981			25	鉄属鉱業	1383
26	1981			26	軽金属鉱業	27
27	1981			27	希有金属鉱業	318
28	1981			28	その他の金属鉱業	9
29	1981			29	石炭鉱業（選別業を除く）	30552
30	1981			30	亜炭鉱業	132
31	1981			31	石炭選別業	529
32	1981			32	その他の石炭・亜炭鉱業	97
33	1981			33	原油鉱業	3072
34	1981			34	天然ガス鉱業	1962
35	1981			36	採石業及び砂・砂利・玉石採取業	68458
36	1981			37	窯業原料用鉱物鉱業（耐火物・陶磁器・ガラス・セメント原料用に限る）	12101
37	1981			38	化学・肥料原料用鉱物鉱業	80
38	1981			39	粘土鉱業（別掲を除く）	1032
39	1981			40	その他の非金属鉱業	340
40	1981			41	一般土木建築工事業	564755
41	1981			42	土木工事業（舗装，しゅんせつを除く）	1131901
42	1981			43	舗装工事業	121170
43	1981			44	しゅんせつ工事業	9123
44	1981			45	建築工事業（木造建築を除く）	431302
45	1981			46	木造建築工事業	578511
46	1981			47	大工工事業	164612
47	1981			48	とび・土工・コンクリート工事業	158076
48	1981			49	鉄骨・鉄筋工事業	122825
49	1981			50	石工・れんが・タイル・ブロック工事業	54296
50	1981			51	左官工事業	163624
51	1981			52	屋根工事業（金属製屋根を除く）	32430
52	1981			53	板金・金物工事業	86200
53	1981			54	塗装工事業	140436
54	1981			55	その他の職別工事業	177699
55	1981			56	電気工事業	396877
56	1981			57	電気通信・信号装置工事業	106379
57	1981			58	管工事業（さく井を除く）	395962
58	1981			59	さく井工事業	11254
59	1981			60	その他の設備工事業	121731
60	1981			61	畜産食料品製造業	146193
61	1981			62	水産食料品製造業	227410
62	1981			63	野菜かん詰・果実かん詰・農産保存食料品製造業	72425
63	1981			64	調味料製造業	59266
64	1981			65	精穀・製粉業	22568
65	1981			66	砂糖製造業	11760
66	1981			67	パン・菓子製造業	304736
67	1981			68	清涼飲料製造業	30117
68	1981			69	酒類製造業	70078
69	1981			70	飼料・有機質肥料製造業	22976
70	1981			71	動植物油脂製造業	13627
71	1981			72	その他の食料品製造業	329652
72	1981			73	たばこ製造業	21217
73	1981			74	製糸業	13616
74	1981			75	紡績業	119005
75	1981			76	ねん糸製造業	48065
76	1981			77	織物業	268461
77	1981			78	メリヤス製造業	205398
78	1981			79	染色整理業	139433
79	1981			80	綱・網製造業	19638
80	1981			81	レース・繊維雑品製造業	24820
81	1981			82	その他の繊維工業	71976
82	1981			83	外衣製造業（和式を除く）	474531
83	1981			84	中衣・下着製造業（和式を除く）	83762
84	1981			85	帽子製造業	7005
85	1981			86	毛皮製衣服・身の回り品製造業	3161
86	1981			87	その他の衣服・繊維製身の回り品製造業（和式を含む）	42944
87	1981			88	その他の繊維製品製造業	92486
88	1981			89	製材業，木製品製造業	234604
89	1981			90	造作材・合板・建築用組立材料製造業	86155
90	1981			91	木製容器製造業（竹，とうを含む）	38204
91	1981			92	木製履物製造業	2101
92	1981			93	その他の木製品製造業（竹，とうを含む）	53824
93	1981			94	家具製造業	214210
94	1981			95	宗教用具製造業	18186
95	1981			96	建具製造業	93095
96	1981			97	その他の家具・装備品製造業	31042
97	1981			98	パルプ製造業	8833
98	1981			99	紙製造業	87857
99	1981			100	加工紙製造業	31112
100	1981			101	紙製品製造業	30667
101	1981			102	紙製容器製造業	135896
102	1981			103	その他のパルプ・紙・紙加工品製造業	35523
103	1981			104	新聞業	90260
104	1981			105	出版業	75446
105	1981			106	印刷業（謄写印刷業を除く）	402874
106	1981			107	製版業	55344
107	1981			108	製本業，印刷物加工業	49581
108	1981			109	印刷業に伴うサービス業	2446
109	1981			110	化学肥料製造業	19540
110	1981			111	無機化学工業製品製造業	61273
111	1981			112	有機化学工業製品製造業	123998
112	1981			113	化学繊維製造業	45509
113	1981			114	油脂加工製品・石けん・合成洗剤・界面活性剤・塗料製造業	61325
114	1981			115	医薬品製造業	127550
115	1981			116	その他の化学工業	84322
116	1981			117	石油精製業	32307
117	1981			118	潤滑油・グリース製造業（石油精製業によらないもの）	4922
118	1981			119	コークス製造業	11312
119	1981			120	練炭・豆炭製造業	1816
120	1981			121	舗装材料製造業	8770
121	1981			122	その他の石油製品・石炭製品製造業	1722
122	1981			123	タイヤ・チューブ製造業	36193
123	1981			124	ゴム製・プラスチック製履物・同附属品製造業	59022
124	1981			125	ゴムベルト・ゴムホース・工業用ゴム製品製造業	81347
125	1981			126	その他のゴム製品製造業	19755
126	1981			127	なめしかわ製造業	12901
127	1981			128	工業用革製品製造業（手袋を除く）	1072
128	1981			129	革製履物用材料・同附属品製造業	10057
129	1981			130	革製履物製造業	34508
130	1981			131	革製手袋製造業	3482
131	1981			132	かばん製造業	20942
132	1981			133	袋物製造業	26023
133	1981			134	毛皮製造業	1468
134	1981			135	その他のなめしかわ製品製造業	6220
135	1981			136	ガラス・同製品製造業	73221
136	1981			137	セメント・同製品製造業	254506
137	1981			138	建設用粘土製品製造業（陶磁器製を除く）	29546
138	1981			139	陶磁器・同関連製品製造業	115277
139	1981			140	耐火物製造業	22064
140	1981			141	炭素・黒鉛製品製造業	10002
141	1981			142	研磨材・同製品製造業	13196
142	1981			143	骨材・石工品等製造業	52760
143	1981			144	その他の窯業・土石製品製造業	37608
144	1981			145	高炉による製鉄業	152327
145	1981			146	高炉によらない製鉄業	13838
146	1981			147	製鋼及び圧延業	59019
147	1981			148	製鋼を行わない鋼材製造業（表面処理鋼材を除く）	61689
148	1981			149	表面処理鋼材製造業	12922
149	1981			150	鍛鋼・鍛工品・鋳鋼製造業	35556
150	1981			151	銑鉄鋳物製造業	76272
151	1981			152	その他の鉄鋼業	48350
152	1981			153	非鉄金属第１次製錬・精製業	31370
153	1981			154	非鉄金属第２次製錬・精製業（非鉄金属合金製造業を含む）	16715
154	1981			155	非鉄金属・同合金圧延業（抽伸，押出しを含む）	38192
155	1981			156	非鉄金属鋳物製造業	50217
156	1981			157	電線・ケーブル製造業	61405
157	1981			158	その他の非鉄金属製造業	7043
158	1981			159	ブリキかん・その他のめっき板等製品製造業	29109
159	1981			160	洋食器・刃物・手道具・金物類製造業	82449
160	1981			161	暖房装置・配管工事用附属品製造業	66928
161	1981			162	建設用・建築用金属製品製造業（製かん板金業を含む）	401802
162	1981			163	金属打抜・被覆・彫刻業，熱処理業（ほうろう鉄器を除く）	307121
163	1981			164	金属線製品製造業（ねじ類を除く）	34018
164	1981			165	ボルト・ナット・リベット・小ねじ・木ねじ等製造業	73461
165	1981			166	その他の金属製品製造業	75676
166	1981			167	ボイラ・原動機製造業	39806
167	1981			168	農業用機械製造業（農器具を除く）	54379
168	1981			169	建設機械・鉱山機械製造業（建設用・農業用・運搬用トラクタを含む）	87655
169	1981			170	金属加工機械製造業	169448
170	1981			171	繊維機械製造業	48794
171	1981			172	特殊産業用機械製造業	98115
172	1981			173	一般産業用機械・装置製造業	297979
173	1981			174	事務用・サービス用・民生用機械器具製造業	147798
174	1981			175	その他の機械・同部分品製造業	219198
175	1981			176	発電用・送電用・配電用・産業用電気機械器具製造業	370322
176	1981			177	民生用電気機械器具製造業	127970
177	1981			178	電球・電気照明器具製造業	62222
178	1981			179	通信機械器具・同関連機械器具製造業	402643
179	1981			180	電子応用装置製造業	95337
180	1981			181	電気計測器製造業	36776
181	1981			182	電子機器用及び通信機器用部分品製造業	483416
182	1981			183	その他の電気機械器具製造業	33993
183	1981			184	自動車・同附属品製造業	733905
184	1981			185	鉄道車両・同部分品製造業	32059
185	1981			186	自転車・同部分品製造業	24403
186	1981			187	船舶製造・修理業，舶用機関製造業	201182
187	1981			188	航空機・同附属品製造業	28995
188	1981			189	その他の輸送用機械器具製造業	15354
189	1981			190	計量器・測定器・分析機器・試験機製造業	76238
190	1981			191	測量機械器具製造業	4471
191	1981			192	医療用機械器具・医療用品製造業	43219
192	1981			193	理化学機械器具製造業	6613
193	1981			194	光学機械器具・レンズ製造業	125394
194	1981			195	眼鏡製造業（わくを含む）	13847
195	1981			196	時計・同部分品製造業	80595
196	1981			197	銃製造業	70
197	1981			199	銃弾製造業	595
198	1981			200	砲弾製造業（装てん組立業を除く）	19
199	1981			201	銃砲弾以外の弾薬製造業（装てん組立業を除く）	96
200	1981			202	弾薬装てん組立業（銃弾製造業を除く）	23
201	1981			203	特殊装甲車両（銃砲を搭載する構造を有する装甲車両であって，無限軌道装置によるもの）・同部分品製造業	2
202	1981			204	その他の武器製造業	35
203	1981			205	貴金属製品製造業（宝石加工を含む）	23125
204	1981			206	楽器・レコード製造業	44428
205	1981			207	がん具・運動競技用具製造業	90003
206	1981			208	ペン・鉛筆・絵画用品・その他の事務用品製造業	33436
207	1981			209	装身具・装飾品・ボタン・同関連品製造業（貴金属・宝石製を除く）	39807
208	1981			210	プラスチック製品製造業（別掲を除く）	382569
209	1981			211	漆器製造業	21722
210	1981			212	他に分類されない製造業	133288
211	1981			213	各種商品卸売業	70515
212	1981			214	繊維品卸売業（衣服，身の回り品を除く）	138709
213	1981			215	衣服・身の回り品卸売業	339886
214	1981			216	米穀類卸売業	32806
215	1981			217	野菜・果実卸売業	106369
216	1981			218	食肉卸売業	57237
217	1981			219	生鮮魚介卸売業	116224
218	1981			220	その他の農畜産物・水産物卸売業	32161
219	1981			221	食料・飲料卸売業	494737
220	1981			222	医薬品・化粧品卸売業	282257
221	1981			223	化学製品卸売業	145381
222	1981			224	鉱物・金属材料卸売業	243421
223	1981			225	機械器具卸売業	1050113
224	1981			226	建築材料卸売業	485876
225	1981			227	家具・建具・じゅう器等卸売業	173401
226	1981			228	再生資源卸売業	99066
227	1981			229	その他の卸売業	482322
228	1981			230	代理商，仲立業	27547
229	1981			231	百貨店	491776
230	1981			232	その他の各種商品小売業（従業者が常時５０人未満のもの）	69921
231	1981			233	呉服・服地・寝具小売業	235459
232	1981			234	洋服小売業（婦人・子供服を除く）	153416
233	1981			235	婦人・子供服小売業	263981
234	1981			236	くつ・履物小売業	88140
235	1981			237	その他の織物・衣服・身の回り品小売業	147787
236	1981			238	各種食料品小売業	598850
237	1981			239	酒・調味料小売業	332364
238	1981			240	食肉小売業	144651
239	1981			241	鮮魚小売業	169590
240	1981			242	乾物小売業	32140
241	1981			243	野菜・果実小売業	177251
242	1981			244	菓子・パン小売業	520859
243	1981			245	米穀類小売業	132900
244	1981			246	その他の飲食料品小売業	501456
245	1981			247	食堂，レストラン	1111228
246	1981			248	そば・うどん店	131776
247	1981			249	すし屋	185588
248	1981			250	料亭	93949
249	1981			251	バー，キャバレー，ナイトクラブ	595791
250	1981			252	酒場，ビヤホール	351438
251	1981			253	喫茶店	575768
252	1981			254	その他の飲食店	77749
253	1981			255	自動車小売業	536531
254	1981			256	自転車小売業（自動二輪車を含む）	79053
255	1981			257	家具・建具・畳小売業	220652
256	1981			258	金物・荒物小売業	105111
257	1981			259	陶磁器・ガラス器小売業	36657
258	1981			260	家庭用機械器具小売業	333335
259	1981			261	その他のじゅう器小売業	6649
260	1981			262	花・植木小売業	71289
261	1981			263	医薬品・化粧品小売業	254089
262	1981			264	農耕用品小売業	86020
263	1981			265	燃料小売業	415082
264	1981			266	書籍・文房具小売業	651892
265	1981			267	中古品小売業（他に分類されないもの）	12959
266	1981			268	スポーツ・がん具・楽器・娯楽用品小売業	164447
267	1981			269	写真機・写真材料小売業	41979
268	1981			270	時計・眼鏡・光学機械小売業	87332
269	1981			271	他に分類されない小売業	232359
270	1981			272	中央銀行	6836
271	1981			273	銀行	408055
272	1981			274	在日外国銀行	5372
273	1981			275	政府金融機関（別掲を除く）	17682
274	1981			276	農林水産系統組合の中央機関	3690
275	1981			277	農林水産系統組合に対する地域的親金融機関	11704
276	1981			278	農林水産業に対する地域的金融機関	4607
277	1981			279	農林水産業に対する政府金融機関	946
278	1981			280	中小企業・庶民金融機関	335525
279	1981			281	その他の庶民金融機関	122528
280	1981			282	住宅専門金融機関	3169
281	1981			283	医療金融機関	201
282	1981			284	環境衛生金融公庫	60
283	1981			285	その他の特定目的金融機関	1143
284	1981			286	補助的金融業，金融附帯業	15248
285	1981			287	投資業	411
286	1981			288	証券業	100289
287	1981			289	商品取引業	14933
288	1981			290	取引所	2004
289	1981			291	生命保険業	487350
290	1981			292	損害保険業	91049
291	1981			293	共済事業	31485
292	1981			294	保険媒介代理業	41203
293	1981			295	保険サービス業	5931
294	1981			296	不動産賃貸業（貸家業，貸間業を除く）	101427
295	1981			297	貸家業，貸間業	217352
296	1981			298	建売業，土地売買業	108346
297	1981			299	不動産代理業・仲介業	138064
298	1981			300	その他の不動産業	63688
299	1981			301	国有鉄道業	373844
300	1981			302	鉄道業（国有鉄道業を除く）	113752
301	1981			303	一般乗合旅客自動車運送業	193020
302	1981			304	特定旅客自動車運送業	2363
303	1981			305	無償旅客自動車運送業	80
304	1981			306	旅客軽車両運送業	161
305	1981			307	一般乗用旅客自動車運送業	489662
306	1981			308	一般貸切旅客自動車運送業	27670
307	1981			309	一般貨物自動車運送業	742963
308	1981			310	特定貨物自動車運送業	162663
309	1981			311	無償貨物自動車運送業	10585
310	1981			312	貨物軽車両等運送業	5083
311	1981			313	通運業	40810
312	1981			314	海洋運輸業	27908
313	1981			315	沿海運輸業	52990
314	1981			316	内陸水運業	8025
315	1981			317	船舶貸渡業	15585
316	1981			318	航空運送業	33344
317	1981			319	航空機使用業（航空運送業を除く）	5460
318	1981			320	普通倉庫業	71819
319	1981			321	冷蔵倉庫業	14556
320	1981			322	水面木材倉庫業	618
321	1981			323	港湾運送業	110794
322	1981			324	貨物運送取扱業	24236
323	1981			325	運送代理店	13903
324	1981			326	旅行業	79203
325	1981			327	運輸あっせん業	9732
326	1981			328	こん包業	70967
327	1981			329	運輸施設提供業	16047
328	1981			330	その他の運輸に附帯するサービス業	53945
329	1981			331	郵便業	294961
330	1981			332	電信・電話業（有線放送電話業を除く）	327454
331	1981			333	有線放送電話業	1928
332	1981			334	通信に附帯するサービス業	4714
333	1981			335	電気業	162574
334	1981			336	ガス業	49525
335	1981			337	上水道業	80462
336	1981			338	工業用水道業	2548
337	1981			339	下水道業	26155
338	1981			340	熱供給業	941
339	1981			341	各種物品賃貸業	4854
340	1981			342	産業用機械器具賃貸業	41924
341	1981			343	事務用機械器具賃貸業	11310
342	1981			344	自動車賃貸業	12630
343	1981			345	スポーツ・娯楽用品賃貸業	5034
344	1981			346	その他の物品賃貸業	36424
345	1981			347	旅館	600043
346	1981			348	簡易宿所	6743
347	1981			349	下宿業	7808
348	1981			350	会社・団体の宿泊所	37234
349	1981			351	他に分類されない宿泊所	43886
350	1981			352	普通洗濯業	250435
351	1981			353	洗張・染物業	15772
352	1981			354	理容業	265995
353	1981			355	美容業	331728
354	1981			356	公衆浴場業	47741
355	1981			357	特殊浴場業	27276
356	1981			358	リネンサプライ業	38652
357	1981			359	写真業	79809
358	1981			360	衣服裁縫修理業	26677
359	1981			361	物品預り業	6813
360	1981			362	葬儀・火葬業	24821
361	1981			363	他に分類されない個人サービス業	89000
362	1981			364	映画制作・配給業	21137
363	1981			365	映画館	16686
364	1981			366	映画サービス業	3107
365	1981			367	劇場，興行場（別掲を除く）	9085
366	1981			368	興行団	14390
367	1981			369	競輪・競馬等の競走場	26563
368	1981			370	競輪・競馬等の競技団	58097
369	1981			371	運動競技場	184655
370	1981			372	公園，遊園地	21062
371	1981			373	遊戯場	174833
372	1981			374	その他の娯楽業	31332
373	1981			375	公共放送業	17760
374	1981			376	民間放送業	29627
375	1981			377	有線放送業	7030
376	1981			378	自動車整備業	340310
377	1981			379	駐車場業	65232
378	1981			380	機械修理業	118628
379	1981			381	家具修理業	1413
380	1981			382	かじ業	2849
381	1981			383	表具業	11690
382	1981			384	他に分類されない修理業	15746
383	1981			385	農林水産業等協同組合（他に分類されないもの）	422174
384	1981			386	事業協同組合（他に分類されないもの）	36232
385	1981			387	情報サービス業	157542
386	1981			388	ニュース供給業	16778
387	1981			389	興信所	10633
388	1981			390	広告業	94097
389	1981			391	速記・筆耕・複写業	35519
390	1981			392	商品検査業	19287
391	1981			393	計量証明業	6078
392	1981			394	建物サービス業	302575
393	1981			395	民営職業紹介業	14251
394	1981			396	他に分類されない事業サービス業	253209
395	1981			397	法律事務所，特許事務所	27698
396	1981			398	公証人役場，司法書士事務所	32910
397	1981			399	公認会計士事務所，税理士事務所	116971
398	1981			400	土木建築サービス業	391833
399	1981			401	デザイン業	28053
400	1981			402	著述家・芸術家業	1776
401	1981			403	個人教授所	214631
402	1981			404	その他の専門サービス業	140287
403	1981			405	病院	972227
404	1981			406	一般診療所	472057
405	1981			407	歯科診療所	201345
406	1981			408	助産所	4861
407	1981			409	療術業	71955
408	1981			410	看護業	6
409	1981			411	歯科技工所	11357
410	1981			412	その他の医療関連サービス業	17844
411	1981			413	保健所	37312
412	1981			414	健康相談施設	9477
413	1981			415	検疫所（動物検疫，植物防疫を除く）	797
414	1981			416	一般廃棄物処理業	159559
415	1981			417	産業廃棄物処理業	16333
416	1981			418	その他の保健及び廃棄物処理業	7497
417	1981			419	神道系宗教	29762
418	1981			420	仏教系宗教	127800
419	1981			421	キリスト教系宗教	14377
420	1981			422	その他の宗教	39045
421	1981			423	小学校	589385
422	1981			424	中学校	301358
423	1981			425	高等学校	341668
424	1981			426	高等教育機関	258275
425	1981			427	特殊教育諸学校	50889
426	1981			428	幼稚園	130603
427	1981			429	専修学校，各種学校	99077
428	1981			430	社会教育	66534
429	1981			431	その他の教育施設	123096
430	1981			432	社会保険事業団体	39248
431	1981			433	福祉事務所	33525
432	1981			434	児童福祉事業	328774
433	1981			435	老人福祉事業	61917
434	1981			436	精神薄弱・身体障害者福祉事業	41129
435	1981			437	更生保護事業	492
436	1981			438	その他の社会保険，社会福祉	30466
437	1981			439	自然科学研究所	149503
438	1981			440	人文科学研究所	8793
439	1981			441	経済団体	79411
440	1981			442	労働団体	19410
441	1981			443	学術・文化団体	6330
442	1981			444	政治団体	5228
443	1981			445	他に分類されない非営利的団体	49968
444	1981			446	集会場	19214
445	1981			447	と畜場	3721
446	1981			448	他に分類されないサービス業	9841
447	1981			449	国家事務	531719
448	1981			450	地方事務	1203399
1	2006	A	A	A	農業	184,810
2	2006	A	01	01	農業	184,810
3	2006	A	01	011	耕種農業	57,317
4	2006	A	01	012	畜産農業	50,224
5	2006	A	01	013	農業サービス業	59,691
6	2006	A	01	014	園芸サービス業	17,578
7	2006	B	B	B	林業	26,123
8	2006	B	02	02	林業	26,123
9	2006	B	02	021	育林業	15,661
10	2006	B	02	022	素材生産業	3,683
11	2006	B	02	023	特用林産物生産業	436
12	2006	B	02	024	林業サービス業	5,520
13	2006	B	02	029	その他の林業	823
14	2006	C	C	C	漁業	37,526
15	2006	C	03	03	漁業	24,222
16	2006	C	03	031	海面漁業	24,093
17	2006	C	03	032	内水面漁業	129
18	2006	C	04	04	水産養殖業	13,304
19	2006	C	04	041	海面養殖業	9,486
20	2006	C	04	042	内水面養殖業	3,818
21	2006	D	D	D	〜R非農林漁業	58,385,856
22	2006	D	D	D	〜Q非農林漁業（Ｒ公務を除く）	56,533,745
23	2006	D	D	D	鉱業	33,527
24	2006	D	05	05	鉱業	33,527
25	2006	D	05	051	金属鉱業	579
26	2006	D	05	052	石炭・亜炭鉱業	672
27	2006	D	05	053	原油・天然ガス鉱業	3,471
28	2006	D	05	054	採石業，砂･砂利･玉石採取業	23,313
29	2006	D	05	055	窯業原料用鉱物鉱業	4,579
30	2006	D	05	059	その他の鉱業	913
31	2006	E	E	E	建設業	4,144,037
32	2006	E	06	06	総合工事業	2,014,046
33	2006	E	06	061	一般土木建築工事業	367,285
34	2006	E	06	062	土木工事業	771,792
35	2006	E	06	063	舗装工事業	96,970
36	2006	E	06	064	建築工事業	334,752
37	2006	E	06	065	木造建築工事業	387,136
38	2006	E	06	066	建築リフォーム工事業	56,111
39	2006	E	07	07	職別工事業(設備工事業を除く)	959,052
40	2006	E	07	071	大工工事業	89,567
41	2006	E	07	072	とび･土工･コンクリート工事業	149,505
42	2006	E	07	073	鉄骨･鉄筋工事業	95,532
43	2006	E	07	074	石工･れんが等工事業	36,273
44	2006	E	07	075	左官工事業	74,352
45	2006	E	07	076	板金・金物工事業	70,040
46	2006	E	07	077	塗装工事業	128,641
47	2006	E	07	078	　床・内装工事業	134,784
48	2006	E	07	07A	床工事業	1,893
49	2006	E	07	07B	内装工事業	132,891
50	2006	E	07	079	その他の職別工事業	180,358
51	2006	E	08	08	設備工事業	1,170,939
52	2006	E	08	081	電気工事業	406,739
53	2006	E	08	082	電気通信・信号装置工事業	165,725
54	2006	E	08	083	管工事業（さく井工事業を除く）	438,610
55	2006	E	08	084	機械器具設置工事業	106,626
56	2006	E	08	089	その他の設備工事業	53,239
57	2006	F	F	F	製造業	9,921,885
58	2006	F	09	09	食料品製造業	1,247,789
59	2006	F	09	091	畜産食料品製造業	153,026
60	2006	F	09	092	水産食料品製造業	203,520
61	2006	F	09	093	野菜缶詰等製造業	67,215
62	2006	F	09	094	調味料製造業	63,277
63	2006	F	09	095	糖類製造業	6,827
64	2006	F	09	096	精穀・製粉業	17,172
65	2006	F	09	097	パン・菓子製造業	284,435
66	2006	F	09	098	動植物油脂製造業	9,887
67	2006	F	09	099	その他の食料品製造業	442,430
68	2006	F	10	10	飲料・たばこ・飼料製造業	137,007
69	2006	F	10	101	清涼飲料製造業	30,896
70	2006	F	10	102	酒類製造業	48,069
71	2006	F	10	103	茶・コーヒー製造業	28,916
72	2006	F	10	104	製氷業	2,737
73	2006	F	10	105	たばこ製造業	5,690
74	2006	F	10	106	飼料・有機質肥料製造業	20,699
75	2006	F	11	11	繊維工業	186,545
76	2006	F	11	111	製糸業	372
77	2006	F	11	112	紡績業	11,084
78	2006	F	11	113	ねん糸製造業	12,922
79	2006	F	11	114	織物業	48,891
80	2006	F	11	115	ニット生地製造業	7,364
81	2006	F	11	116	染色整理業	48,613
82	2006	F	11	117	綱・網製造業	7,640
83	2006	F	11	118	レース・繊維雑品製造業	13,104
84	2006	F	11	119	その他の繊維工業	36,555
85	2006	F	12	12	衣服・その他の繊維製品製造業	337,021
86	2006	F	12	121	織物製外衣・シャツ製造業	154,816
87	2006	F	12	122	ニット製外衣・シャツ製造業	41,973
88	2006	F	12	123	下着類製造業	24,673
89	2006	F	12	124	和装製品・足袋製造業	9,990
90	2006	F	12	125	その他の衣服等製造業	31,202
91	2006	F	12	129	その他の繊維製品製造業	74,367
92	2006	F	13	13	木材・木製品製造業（家具を除く）	157,882
93	2006	F	13	131	製材業，木製品製造業	73,794
94	2006	F	13	132	造作材・合板等材料製造業	57,700
95	2006	F	13	133	木製容器製造業（竹，とうを含む）	11,358
96	2006	F	13	139	その他の木製品製造業	15,030
97	2006	F	14	14	家具・装備品製造業	183,203
98	2006	F	14	141	家具製造業	107,372
99	2006	F	14	142	宗教用具製造業	8,372
100	2006	F	14	143	建具製造業	45,705
101	2006	F	14	149	その他の家具・装備品製造業	21,754
102	2006	F	15	15	パルプ・紙・紙加工品製造業	252,823
103	2006	F	15	151	パルプ製造業	3,384
104	2006	F	15	152	紙製造業	46,534
105	2006	F	15	153	加工紙製造業	33,596
106	2006	F	15	154	紙製品製造業	27,206
107	2006	F	15	155	紙製容器製造業	100,467
108	2006	F	15	159	その他のパルプ等製造業	41,636
109	2006	F	16	16	印刷・同関連業	466,986
110	2006	F	16	161	印刷業	381,937
111	2006	F	16	162	製版業	36,716
112	2006	F	16	163	製本業，印刷物加工業	44,424
113	2006	F	16	169	印刷関連サービス業	3,909
114	2006	F	17	17	化学工業	482,713
115	2006	F	17	171	化学肥料製造業	7,292
116	2006	F	17	172	無機化学工業製品製造業	46,179
117	2006	F	17	173	有機化学工業製品製造業	100,434
118	2006	F	17	174	化学繊維製造業	20,490
119	2006	F	17	175	油脂加工製品・石けん・ 塗料等製造業	59,323
120	2006	F	17	176	医薬品製造業	136,233
121	2006	F	17	177	化粧品・歯磨等化粧用調整品製造業	53,280
122	2006	F	17	179	その他の化学工業	59,482
123	2006	F	18	18	石油製品・石炭製品製造業	32,300
124	2006	F	18	181	石油精製業	16,062
125	2006	F	18	182	潤滑油・グリース製造業	3,830
126	2006	F	18	183	コークス製造業	2,335
127	2006	F	18	184	舗装材料製造業	7,278
128	2006	F	18	189	その他の石油製品・石炭製品製造業	2,795
129	2006	F	19	19	プラスチック製品製造業	442,464
130	2006	F	19	191	プラスチック板・棒・管等製造業	33,971
131	2006	F	19	192	プラスチックフィルム等製造業	77,218
132	2006	F	19	193	工業用プラスチック製品製造業	140,028
133	2006	F	19	194	発泡・強化プラスチック製品製造業	46,880
134	2006	F	19	195	プラスチック成形材料製造業	20,550
135	2006	F	19	199	その他のプラスチック製品製造業	123,817
136	2006	F	20	20	ゴム製品製造業	154,743
137	2006	F	20	201	タイヤ・チューブ製造業	31,580
138	2006	F	20	202	ゴム製・プラスチック製履物等製造業	13,268
139	2006	F	20	203	ゴムベルト・ゴムホース等製造業	93,529
140	2006	F	20	209	その他のゴム製品製造業	16,366
141	2006	F	21	21	なめし革・同製品・毛皮製造業	48,529
142	2006	F	21	211	なめし革製造業	4,530
143	2006	F	21	212	工業用革製品製造業（手袋を除く）	627
144	2006	F	21	213	革製履物用材料・同附属品製造業	4,194
145	2006	F	21	214	革製履物製造業	14,712
146	2006	F	21	215	革製手袋製造業	916
147	2006	F	21	216	かばん製造業	8,302
148	2006	F	21	217	袋物製造業	12,138
149	2006	F	21	218	毛皮製造業	279
150	2006	F	21	219	その他のなめし革製品製造業	2,831
151	2006	F	22	22	窯業・土石製品製造業	337,427
152	2006	F	22	221	ガラス・同製品製造業	57,862
153	2006	F	22	222	セメント・同製品製造業	125,267
154	2006	F	22	223	建設用粘土製品製造業	8,625
155	2006	F	22	224	陶磁器・同関連製品製造業	61,787
156	2006	F	22	225	耐火物製造業	9,505
157	2006	F	22	226	炭素・黒鉛製品製造業	7,162
158	2006	F	22	227	研磨材・同製品製造業	10,327
159	2006	F	22	228	骨材・石工品等製造業	34,798
160	2006	F	22	229	その他の窯業・土石製品製造業	22,094
161	2006	F	23	23	鉄鋼業	244,682
162	2006	F	23	231	製鉄業	50,607
163	2006	F	23	232	製鋼・製鋼圧延業	35,231
164	2006	F	23	233	製鋼を行わない鋼材製造業	41,908
165	2006	F	23	234	表面処理鋼材製造業	14,231
166	2006	F	23	235	鉄素形材製造業	54,211
167	2006	F	23	239	その他の鉄鋼業	48,494
168	2006	F	24	24	非鉄金属製造業	163,642
169	2006	F	24	241	非鉄金属第１次製錬・精製業	13,995
170	2006	F	24	242	非鉄金属第２次製錬・精製業	17,314
171	2006	F	24	243	非鉄金属・同合金圧延業	32,685
172	2006	F	24	244	電線・ケーブル製造業	46,462
173	2006	F	24	245	非鉄金属素形材製造業	43,795
174	2006	F	24	249	その他の非鉄金属製造業	9,391
175	2006	F	25	25	金属製品製造業	794,082
176	2006	F	25	251	めっき板等製品製造業	15,419
177	2006	F	25	252	洋食器・刃物・手道具・金物類製造業	48,186
178	2006	F	25	253	暖房装置・配管工事用附属品製造業	45,955
179	2006	F	25	254	建設用・建築用金属製品製造業	297,897
180	2006	F	25	255	金属素形材製品製造業	112,536
181	2006	F	25	256	金属被覆・彫刻業，熱処理業	130,028
182	2006	F	25	257	金属線製品製造業（ねじ類を除く)	23,190
183	2006	F	25	258	ボルト・ナット・リベット等製造業	49,712
184	2006	F	25	259	その他の金属製品製造業	71,159
185	2006	F	26	26	一般機械器具製造業	1,138,670
186	2006	F	26	261	ボイラ・原動機製造業	33,209
187	2006	F	26	262	農業用機械製造業	38,508
188	2006	F	26	263	建設機械・鉱山機械製造業	55,547
189	2006	F	26	264	金属加工機械製造業	158,907
190	2006	F	26	265	繊維機械製造業	28,421
191	2006	F	26	266	特殊産業用機械製造業	140,773
192	2006	F	26	267	一般産業用機械・装置製造業	274,323
193	2006	F	26	268	事務用・サービス用等機械器具製造業	133,336
194	2006	F	26	269	その他の機械・同部分品製造業	275,646
195	2006	F	27	27	電気機械器具製造業	655,230
196	2006	F	27	271	発電用・送電用等電気機械器具製造業	340,929
197	2006	F	27	272	民生用電気機械器具製造業	83,653
198	2006	F	27	273	電球・電気照明器具製造業	48,921
199	2006	F	27	274	電子応用装置製造業	70,269
200	2006	F	27	275	電気計測器製造業	40,576
201	2006	F	27	279	その他の電気機械器具製造業	70,882
202	2006	F	28	28	情報通信機械器具製造業	275,586
203	2006	F	28	281	通信機械器具・同関連機械器具製造業	168,437
204	2006	F	28	282	電子計算機・同附属装置製造業	107,149
205	2006	F	29	29	電子部品・デバイス製造業	616,170
206	2006	F	29	291	電子部品・デバイス製造業	616,170
207	2006	F	30	30	輸送用機械器具製造業	1,073,533
208	2006	F	30	301	自動車・同附属品製造業	907,414
209	2006	F	30	302	鉄道車両・同部分品製造業	21,988
210	2006	F	30	303	船舶製造・修理業，舶用機関製造業	77,723
211	2006	F	30	304	航空機・同附属品製造業	33,600
212	2006	F	30	305	産業用運搬車両・同部分品等製造業	8,465
213	2006	F	30	309	その他の輸送用機械器具製造業	24,343
214	2006	F	31	31	精密機械器具製造業	241,384
215	2006	F	31	311	計量器・測定器・分析機器等製造業	70,754
216	2006	F	31	312	測量機械器具製造業	4,688
217	2006	F	31	313	医療用機械器具・医療用品製造業	67,256
218	2006	F	31	314	理化学機械器具製造業	5,383
219	2006	F	31	315	光学機械器具・レンズ製造業	64,320
220	2006	F	31	316	眼鏡製造業（枠を含む)	11,566
221	2006	F	31	317	時計・同部分品製造業	17,417
222	2006	F	32	32	その他の製造業	251,474
223	2006	F	32	321	貴金属・宝石製品製造業	17,508
224	2006	F	32	322	楽器製造業	13,399
225	2006	F	32	323	　がん具・運動用具製造業	42,369
226	2006	F	32	32A	がん具製造業	22,952
227	2006	F	32	32B	運動用具製造業	19,417
228	2006	F	32	324	ペン・鉛筆等事務用品製造業	21,738
229	2006	F	32	325	装身具・装飾品等製造業	14,532
230	2006	F	32	326	漆器製造業	8,068
231	2006	F	32	327	畳・傘等生活雑貨製品製造業	25,355
232	2006	F	32	328	武器製造業	3,163
233	2006	F	32	329	他に分類されない製造業	105,342
234	2006	F	32	32C	情報記録物製造業	9,642
235	2006	F	32	32D	他に分類されないその他の製造業	95,700
236	2006	G	G	G	電気・ガス・熱供給・水道業	282,688
237	2006	G	33	33	電気業	135,788
238	2006	G	33	331	電気業	135,788
239	2006	G	34	34	ガス業	34,850
240	2006	G	34	341	ガス業	34,850
241	2006	G	35	35	熱供給業	2,490
242	2006	G	35	351	熱供給業	2,490
243	2006	G	36	36	水道業	109,560
244	2006	G	36	361	上水道業	67,716
245	2006	G	36	362	工業用水道業	1,955
246	2006	G	36	363	下水道業	39,889
247	2006	H	H	H	情報通信業	1,592,643
248	2006	H	37	37	通信業	253,370
249	2006	H	37	371	信書送達業	47,113
250	2006	H	37	372	固定電気通信業	84,168
251	2006	H	37	373	移動電気通信業	22,152
252	2006	H	37	374	電気通信に附帯するサービス業	99,937
253	2006	H	38	38	放送業	65,291
254	2006	H	38	381	公共放送業（有線放送業を除く）	12,626
255	2006	H	38	382	民間放送業（有線放送業を除く）	32,606
256	2006	H	38	383	有線放送業	20,059
257	2006	H	39	39	情報サービス業	961,770
258	2006	H	39	391	ソフトウェア業	698,367
259	2006	H	39	392	情報処理・提供サービス業	263,403
260	2006	H	39	39A	情報処理サービス業	174,118
261	2006	H	39	39B	情報提供サービス業	40,976
262	2006	H	39	39C	その他の情報処理・提供サービス業	48,309
263	2006	H	40	40	インターネット附随サービス業	47,021
264	2006	H	40	401	インターネット附随サービス業	47,021
265	2006	H	41	41	映像・音声・文字情報制作業	265,191
266	2006	H	41	411	映像情報制作・配給業	61,750
267	2006	H	41	412	音声情報制作業	6,349
268	2006	H	41	413	新聞業	66,462
269	2006	H	41	414	出版業	98,319
270	2006	H	41	415	映像等情報制作に附帯するサービス業	32,311
271	2006	H	41	41A	ニュース供給業	15,878
272	2006	H	41	41B	その他情報等制作に附帯するサービス業	16,433
273	2006	I	I	I	運輸業	2,914,126
274	2006	I	42	42	鉄道業	211,963
275	2006	I	42	421	鉄道業	211,963
276	2006	I	43	43	道路旅客運送業	595,807
277	2006	I	43	431	一般乗合旅客自動車運送業	118,408
278	2006	I	43	432	一般乗用旅客自動車運送業	431,814
279	2006	I	43	433	一般貸切旅客自動車運送業	41,646
280	2006	I	43	439	その他の道路旅客運送業	3,939
281	2006	I	44	44	道路貨物運送業	1,530,488
282	2006	I	44	441	一般貨物自動車運送業	1,300,054
283	2006	I	44	442	特定貨物自動車運送業	163,364
284	2006	I	44	443	貨物軽自動車運送業	34,584
285	2006	I	44	444	集配利用運送業	13,014
286	2006	I	44	449	その他の道路貨物運送業	19,472
287	2006	I	45	45	水運業	53,132
288	2006	I	45	451	外航海運業	9,035
289	2006	I	45	452	沿海海運業	29,628
290	2006	I	45	453	内陸水運業	5,247
291	2006	I	45	454	船舶貸渡業	9,222
292	2006	I	46	46	航空運輸業	34,890
293	2006	I	46	461	航空運送業	33,543
294	2006	I	46	462	航空機使用業（航空運送業を除く)	1,347
295	2006	I	47	47	倉庫業	158,111
296	2006	I	47	471	倉庫業（冷蔵倉庫業を除く）	135,034
297	2006	I	47	472	冷蔵倉庫業	23,077
298	2006	I	48	48	運輸に附帯するサービス業	329,735
299	2006	I	48	481	港湾運送業	66,913
300	2006	I	48	482	貨物運送取扱業	32,562
301	2006	I	48	483	運送代理店	14,806
302	2006	I	48	484	こん包業	98,212
303	2006	I	48	485	運輸施設提供業	18,619
304	2006	I	48	489	その他の運輸に附帯するサービス業	98,623
305	2006	J	J	J	卸売・小売業	12,400,519
306	2006	J	49	49	各種商品卸売業	39,520
307	2006	J	49	491	各種商品卸売業	39,520
308	2006	J	49	49A	各種商品卸売業	24,337
309	2006	J	49	49B	その他の各種商品卸売業	15,183
310	2006	J	50	50	繊維・衣服等卸売業	294,920
311	2006	J	50	501	繊維品卸売業	40,759
312	2006	J	50	502	衣服・身の回り品卸売業	254,161
313	2006	J	51	51	飲食料品卸売業	847,351
314	2006	J	51	511	農畜産物・水産物卸売業	381,350
315	2006	J	51	51A	米穀類卸売業	33,090
316	2006	J	51	51B	野菜・果実卸売業	132,215
317	2006	J	51	51C	食肉卸売業	70,988
318	2006	J	51	51D	生鮮魚介卸売業	121,881
319	2006	J	51	51E	その他の農畜産物・水産物卸売業	23,176
320	2006	J	51	512	食料・飲料卸売業	466,001
321	2006	J	52	52	建築材料，鉱物・金属材料等卸売業	731,569
322	2006	J	52	521	建築材料卸売業	321,939
323	2006	J	52	522	化学製品卸売業	150,965
324	2006	J	52	523	鉱物・金属材料卸売業	187,759
325	2006	J	52	524	再生資源卸売業	70,906
326	2006	J	53	53	機械器具卸売業	1,067,093
327	2006	J	53	531	一般機械器具卸売業	331,793
328	2006	J	53	532	自動車卸売業	169,640
329	2006	J	53	533	電気機械器具卸売業	388,276
330	2006	J	53	539	その他の機械器具卸売業	177,384
331	2006	J	54	54	その他の卸売業	879,980
332	2006	J	54	541	家具・建具・じゅう器等卸売業	134,313
333	2006	J	54	542	医薬品・化粧品等卸売業	264,982
334	2006	J	54	549	他に分類されない卸売業	480,685
335	2006	J	54	54A	代理商, 仲立業	5,525
336	2006	J	54	54B	他に分類されないその他の卸売業	475,160
337	2006	J	55	55	各種商品小売業	627,140
338	2006	J	55	551	百貨店，総合スーパー	585,498
339	2006	J	55	559	その他の各種商品小売業	41,642
340	2006	J	56	56	織物・衣服・身の回り品小売業	753,944
341	2006	J	56	561	呉服・服地・寝具小売業	95,478
342	2006	J	56	562	男子服小売業	92,793
343	2006	J	56	563	婦人・子供服小売業	341,578
344	2006	J	56	564	靴・履物小売業	49,837
345	2006	J	56	569	その他の織物等小売業	174,258
346	2006	J	57	57	飲食料品小売業	3,435,930
347	2006	J	57	571	各種食料品小売業	1,012,664
348	2006	J	57	572	酒小売業	168,075
349	2006	J	57	573	食肉小売業	63,613
350	2006	J	57	574	鮮魚小売業	79,114
351	2006	J	57	575	野菜・果実小売業	104,309
352	2006	J	57	576	菓子・パン小売業	394,597
353	2006	J	57	577	米穀類小売業	52,400
354	2006	J	57	579	その他の飲食料品小売業	1,561,158
355	2006	J	57	57A	料理品小売業	519,712
356	2006	J	57	57B	他に分類されない飲食料品小売業	1,041,446
357	2006	J	58	58	自動車・自転車小売業	628,997
358	2006	J	58	581	自動車小売業	602,472
359	2006	J	58	582	自転車小売業	26,525
360	2006	J	59	59	家具・じゅう器・機械器具小売業	534,976
361	2006	J	59	591	家具・建具・畳小売業	129,706
362	2006	J	59	592	機械器具小売業	295,659
363	2006	J	59	599	その他のじゅう器小売業	109,611
364	2006	J	60	60	その他の小売業	2,559,099
365	2006	J	60	601	医薬品・化粧品小売業	534,197
366	2006	J	60	602	農耕用品小売業	70,336
367	2006	J	60	603	燃料小売業	408,439
368	2006	J	60	604	書籍・文房具小売業	646,908
369	2006	J	60	605	スポーツ用品・がん具等小売業	174,753
370	2006	J	60	60A	スポーツ用品小売業	86,308
371	2006	J	60	60B	がん具・娯楽用品小売業	53,182
372	2006	J	60	60C	楽器小売業	35,263
373	2006	J	60	606	写真機・写真材料小売業	14,161
374	2006	J	60	607	時計・眼鏡・光学機械小売業	91,050
375	2006	J	60	609	他に分類されない小売業	619,255
376	2006	J	60	60D	花・植木小売業	101,760
377	2006	J	60	60E	中古品小売業	58,870
378	2006	J	60	60F	他に分類されないその他の小売業	458,625
379	2006	K	K	K	金融・保険業	1,429,413
380	2006	K	61	61	銀行業	387,356
381	2006	K	61	611	中央銀行	4,786
382	2006	K	61	612	銀行（中央銀行を除く）	382,570
383	2006	K	62	62	協同組織金融業	193,204
384	2006	K	62	621	中小企業等金融業	177,334
385	2006	K	62	622	農林水産金融業	15,870
386	2006	K	63	63	郵便貯金取扱機関，政府関係金融機関	19,598
387	2006	K	63	631	郵便貯金・為替・振替業務取扱機関	7,274
388	2006	K	63	632	政府関係金融機関	12,324
389	2006	K	64	64	貸金業, 投資業等非預金信用機関	143,033
390	2006	K	64	641	貸金業	57,039
391	2006	K	64	642	質屋	6,709
392	2006	K	64	643	クレジットカード業，割賦金融業	71,783
393	2006	K	64	649	その他の非預金信用機関	7,502
394	2006	K	65	65	証券業，商品先物取引業	111,500
395	2006	K	65	651	証券業	91,029
396	2006	K	65	652	証券業類似業	4,987
397	2006	K	65	653	商品先物取引業，商品投資業	15,484
398	2006	K	66	66	補助的金融業,金融附帯業	26,115
399	2006	K	66	661	補助的金融業，金融附帯業	26,115
400	2006	K	67	67	保険業（保険媒介代理業等を含む）	548,607
401	2006	K	67	671	生命保険業	305,095
402	2006	K	67	672	損害保険業	93,778
403	2006	K	67	673	共済事業	35,303
404	2006	K	67	674	保険媒介代理業	105,112
405	2006	K	67	675	保険サービス業	9,319
406	2006	L	L	L	不動産業	1,014,844
407	2006	L	68	68	不動産取引業	333,487
408	2006	L	68	681	建物売買業，土地売買業	133,768
409	2006	L	68	682	不動産代理業・仲介業	199,719
410	2006	L	69	69	不動産賃貸業・管理業	681,357
411	2006	L	69	691	不動産賃貸業	178,668
412	2006	L	69	692	貸家業，貸間業	255,081
413	2006	L	69	693	駐車場業	75,488
414	2006	L	69	694	不動産管理業	172,120
415	2006	M	M	M	飲食店，宿泊業	4,875,468
416	2006	M	70	70	一般飲食店	2,870,766
417	2006	M	70	701	食堂，レストラン	1,832,471
418	2006	M	70	70A	一般食堂	549,199
419	2006	M	70	70B	日本料理店	367,757
420	2006	M	70	70C	西洋料理店	290,131
421	2006	M	70	70D	中華料理店	369,060
422	2006	M	70	70E	焼肉店（東洋料理のもの）	176,020
423	2006	M	70	70F	その他の食堂，レストラン	80,304
424	2006	M	70	702	そば・うどん店	205,107
425	2006	M	70	703	すし店	217,026
426	2006	M	70	704	喫茶店	322,450
427	2006	M	70	709	その他の一般飲食店	293,712
428	2006	M	70	70G	ハンバーガー店	153,114
429	2006	M	70	70H	お好み焼店	64,478
430	2006	M	70	70J	他に分類されない一般飲食店	76,120
431	2006	M	71	71	遊興飲食店	1,250,148
432	2006	M	71	711	料亭	35,698
433	2006	M	71	712	バー，キャバレー，ナイトクラブ	546,098
434	2006	M	71	713	酒場，ビヤホール	668,352
435	2006	M	72	72	宿泊業	754,554
436	2006	M	72	721	旅館,ホテル	678,479
437	2006	M	72	722	簡易宿所	7,369
438	2006	M	72	723	下宿業	4,550
439	2006	M	72	729	その他の宿泊業	64,156
440	2006	M	72	72A	会社・団体の宿泊所	31,842
441	2006	M	72	72B	他に分類されない宿泊業	32,314
442	2006	N	N	N	医療，福祉	5,588,153
443	2006	N	73	73	医療業	3,266,367
444	2006	N	73	731	病　院	1,813,716
445	2006	N	73	732	一般診療所	801,895
446	2006	N	73	733	歯科診療所	376,853
447	2006	N	73	734	助産・看護業	15,585
448	2006	N	73	73A	助産所	1,295
449	2006	N	73	73B	看護業	14,290
450	2006	N	73	735	療術業	191,833
451	2006	N	73	736	医療に附帯するサービス業	66,485
452	2006	N	73	73C	歯科技工所	22,852
453	2006	N	73	73D	その他の医療に附帯するサービス業	43,633
454	2006	N	74	74	保健衛生	100,094
455	2006	N	74	741	保健所	24,832
456	2006	N	74	742	健康相談施設	63,480
457	2006	N	74	749	その他の保健衛生	11,782
458	2006	N	75	75	社会保険・社会福祉・介護事業	2,221,692
459	2006	N	75	751	社会保険事業団体	52,305
460	2006	N	75	752	福祉事務所	36,759
461	2006	N	75	753	児童福祉事業	615,503
462	2006	N	75	75A	保育所	512,293
463	2006	N	75	75B	その他の児童福祉事業	103,210
464	2006	N	75	754	老人福祉・介護事業	919,554
465	2006	N	75	75C	特別養護老人ホーム	321,547
466	2006	N	75	75D	介護老人保健施設	204,295
467	2006	N	75	75E	有料老人ホーム	46,528
468	2006	N	75	75F	その他の老人福祉・介護事業	347,184
469	2006	N	75	755	障害者福祉事業	173,948
470	2006	N	75	759	その他の社会保険等事業	423,623
471	2006	N	75	75G	更生保護事業	799
472	2006	N	75	75H	訪問介護事業	283,651
473	2006	N	75	75J	他に分類されない社会保険等事業	139,173
474	2006	O	O	O	教育，学習支援業	2,939,730
475	2006	O	76	76	学校教育	2,014,492
476	2006	O	76	761	小学校	546,729
477	2006	O	76	762	中学校	306,963
478	2006	O	76	763	高等学校，中等教育学校	367,952
479	2006	O	76	764	高等教育機関	420,688
480	2006	O	76	765	特殊教育諸学校	85,367
481	2006	O	76	766	幼稚園	162,559
482	2006	O	76	767	専修学校，各種学校	124,234
483	2006	O	77	77	その他の教育，学習支援業	925,238
484	2006	O	77	771	社会教育	121,900
485	2006	O	77	77A	公民館	26,715
486	2006	O	77	77B	図書館	35,845
487	2006	O	77	77C	博物館，美術館	29,287
488	2006	O	77	77D	動物園，植物園，水族館	9,999
489	2006	O	77	77E	その他の社会教育	20,054
490	2006	O	77	772	職業・教育支援施設	72,900
491	2006	O	77	773	学習塾	315,006
492	2006	O	77	774	教養・技能教授業	337,830
493	2006	O	77	77F	音楽教授業	49,140
494	2006	O	77	77G	書道教授業	17,693
495	2006	O	77	77H	生花・茶道教授業	9,678
496	2006	O	77	77J	そろばん教授業	13,797
497	2006	O	77	77K	外国語会話教授業	37,988
498	2006	O	77	77L	スポーツ・健康教授業	64,805
499	2006	O	77	77M	フィットネスクラブ	54,151
500	2006	O	77	77N	その他の教養・技能教授業	90,578
501	2006	O	77	779	他に分類されない教育，学習支援業	77,602
502	2006	P	P	P	複合サービス事業	706,584
503	2006	P	78	78	郵便局(別掲を除く）	372,645
504	2006	P	78	781	郵便局	362,636
505	2006	P	78	782	郵便局受託業	10,009
506	2006	P	79	79	協同組合（他に分類されないもの）	333,939
507	2006	P	79	791	農林水産業協同組合	291,176
508	2006	P	79	792	事業協同組合	42,763
509	2006	Q	Q	Q	サービス業（他に分類されないもの）	8,690,128
510	2006	Q	80	80	専門サービス業	1,247,612
511	2006	Q	80	801	法律事務所，特許事務所	57,350
512	2006	Q	80	80A	法律事務所	44,677
513	2006	Q	80	80B	特許事務所	12,673
514	2006	Q	80	802	公証人役場，司法書士事務所	38,232
515	2006	Q	80	803	公認会計士事務所，税理士事務所	161,293
516	2006	Q	80	80C	公認会計士事務所	30,653
517	2006	Q	80	80D	税理士事務所	130,640
518	2006	Q	80	804	獣医業	38,422
519	2006	Q	80	805	土木建築サービス業	423,405
520	2006	Q	80	80E	建築設計業	324,546
521	2006	Q	80	80F	測量業	80,097
522	2006	Q	80	80G	その他の土木建築サービス業	18,762
523	2006	Q	80	806	デザイン・機械設計業	166,763
524	2006	Q	80	80H	デザイン業	47,159
525	2006	Q	80	80J	機械設計業	119,604
526	2006	Q	80	807	著述・芸術家業	1,793
527	2006	Q	80	808	写真業	54,047
528	2006	Q	80	809	その他の専門サービス業	306,307
529	2006	Q	80	80K	興信所	5,842
530	2006	Q	80	80L	他に分類されない専門サービス業	300,465
531	2006	Q	81	81	学術・開発研究機関	275,745
532	2006	Q	81	811	自然科学研究所	259,201
533	2006	Q	81	812	人文・社会科学研究所	16,544
534	2006	Q	82	82	洗濯・理容・美容・浴場業	1,234,445
535	2006	Q	82	821	洗濯業	367,678
536	2006	Q	82	82A	普通洗濯業	263,025
537	2006	Q	82	82B	リネンサプライ業	104,653
538	2006	Q	82	822	理容業	243,084
539	2006	Q	82	823	美容業	456,353
540	2006	Q	82	824	公衆浴場業	26,329
541	2006	Q	82	825	特殊浴場業	67,558
542	2006	Q	82	829	その他の洗濯・理容・美容・浴場業	73,443
543	2006	Q	83	83	その他の生活関連サービス業	406,068
544	2006	Q	83	831	旅行業	106,737
545	2006	Q	83	833	衣服裁縫修理業	25,854
546	2006	Q	83	834	物品預り業	9,493
547	2006	Q	83	835	火葬・墓地管理業	6,552
548	2006	Q	83	836	冠婚葬祭業	128,593
549	2006	Q	83	83A	葬儀業	72,559
550	2006	Q	83	83B	結婚式場業	41,769
551	2006	Q	83	83C	冠婚葬祭互助会	14,265
552	2006	Q	83	839	他に分類されない生活関連サービス業	128,839
553	2006	Q	83	83D	写真現像・焼付業	38,873
554	2006	Q	83	83E	分類されない生活関連サービス業	89,966
555	2006	Q	84	84	娯楽業	883,506
556	2006	Q	84	841	映画館	18,716
557	2006	Q	84	842	興行場（別掲を除く），興行団	31,460
558	2006	Q	84	843	競輪・競馬等の競走場，競技団	37,001
559	2006	Q	84	844	スポーツ施設提供業	236,468
560	2006	Q	84	84A	スポーツ施設提供業（別掲を除く）	25,773
561	2006	Q	84	84B	体育館	10,792
562	2006	Q	84	84C	ゴルフ場	144,236
563	2006	Q	84	84D	ゴルフ練習場	29,932
564	2006	Q	84	84E	ボウリング場	18,162
565	2006	Q	84	84F	テニス場	3,325
566	2006	Q	84	84G	バッティング・テニス練習場	4,248
567	2006	Q	84	845	公園，遊園地	63,991
568	2006	Q	84	846	遊戯場	386,379
569	2006	Q	84	84H	マージャンクラブ	21,084
570	2006	Q	84	84J	パチンコホール	300,188
571	2006	Q	84	84K	ゲームセンター	53,726
572	2006	Q	84	84L	その他の遊戯場	11,381
573	2006	Q	84	849	その他の娯楽業	109,491
574	2006	Q	84	84M	カラオケボックス業	55,395
575	2006	Q	84	84N	他に分類されない娯楽業	54,096
576	2006	Q	85	85	廃棄物処理業	299,163
577	2006	Q	85	851	一般廃棄物処理業	201,564
578	2006	Q	85	852	産業廃棄物処理業	96,083
579	2006	Q	85	859	その他の廃棄物処理業	1,516
580	2006	Q	86	86	自動車整備業	313,534
581	2006	Q	86	861	自動車整備業	313,534
582	2006	Q	87	87	機械等修理業（別掲を除く）	256,089
583	2006	Q	87	871	機械修理業（電気機械器具を除く）	137,391
584	2006	Q	87	872	電気機械器具修理業	86,535
585	2006	Q	87	873	表具業	7,646
586	2006	Q	87	879	その他の修理業	24,517
587	2006	Q	88	88	物品賃貸業	286,561
588	2006	Q	88	881	各種物品賃貸業	24,472
589	2006	Q	88	882	産業用機械器具賃貸業	96,586
590	2006	Q	88	883	事務用機械器具賃貸業	10,285
591	2006	Q	88	884	自動車賃貸業	38,426
592	2006	Q	88	885	スポーツ・娯楽用品賃貸業	3,455
593	2006	Q	88	889	その他の物品賃貸業	113,337
594	2006	Q	88	88A	音楽・映像記録物賃貸業	54,601
595	2006	Q	88	88B	他に分類されない物品賃貸業	58,736
596	2006	Q	89	89	広告業	149,745
597	2006	Q	89	891	広告代理業	120,419
598	2006	Q	89	899	その他の広告業	29,326
599	2006	Q	90	90	その他の事業サービス業	2,789,286
600	2006	Q	90	901	速記・ワープロ入力･複写業	20,696
601	2006	Q	90	902	商品検査業	34,965
602	2006	Q	90	903	計量証明業	20,885
603	2006	Q	90	904	建物サービス業	762,738
604	2006	Q	90	905	民営職業紹介業	39,384
605	2006	Q	90	906	警備業	338,954
606	2006	Q	90	909	他に分類されない事業サービス業	1,571,664
607	2006	Q	90	90A	労働者派遣業	983,701
608	2006	Q	90	90B	分類されない事業サービス業	587,963
609	2006	Q	91	91	政治・経済・文化団体	230,746
610	2006	Q	91	911	経済団体	94,263
611	2006	Q	91	912	労働団体	19,729
612	2006	Q	91	913	学術・文化団体	9,115
613	2006	Q	91	914	政治団体	4,638
614	2006	Q	91	919	他に分類されない非営利的団体	103,001
615	2006	Q	92	92	宗教	275,076
616	2006	Q	92	921	神道系宗教	35,102
617	2006	Q	92	922	仏教系宗教	179,273
618	2006	Q	92	923	キリスト教系宗教	17,050
619	2006	Q	92	929	その他の宗教	43,651
620	2006	Q	93	93	その他のサービス業	42,552
621	2006	Q	93	931	集会場	29,259
622	2006	Q	93	932	と畜場	2,949
623	2006	Q	93	939	他に分類されないサービス業	10,344
624	2006	R	R	R	公務（他に分類されないもの）	1,852,111
625	2006	R	95	95	国家公務	547,924
626	2006	R	95	951	立法機関	3,110
627	2006	R	95	952	司法機関	24,593
628	2006	R	95	953	行政機関	520,221
629	2006	R	96	96	地方公務	1,304,187
630	2006	R	96	961	都道府県機関	498,795
631	2006	R	96	962	市町村機関	805,392
1	2001	A	A	A	農業	174,017
2	2001	A	01	01	農業	174,017
3	2001	A	01	011	耕種農業	48,279
4	2001	A	01	012	畜産農業	49,880
5	2001	A	01	013	農業サービス業	58,810
6	2001	A	01	014	園芸サービス業	17,048
7	2001	B	B	B	林業	31,494
8	2001	B	02	02	林業	31,494
9	2001	B	02	021	育林業	19,667
10	2001	B	02	022	素材生産業	4,250
11	2001	B	02	023	特用林産物生産業	510
12	2001	B	02	024	林業サービス業	6,215
13	2001	B	02	029	その他の林業	852
14	2001	C	C	C	漁業	45,871
15	2001	C	03	03	漁業	30,126
16	2001	C	03	031	海面漁業	29,961
17	2001	C	03	032	内水面漁業	165
18	2001	C	04	04	水産養殖業	15,745
19	2001	C	04	041	海面養殖業	11,210
20	2001	C	04	042	内水面養殖業	4,535
21	2001	D	D	D	〜R非農林漁業	59,906,127
22	2001	D	D	D	〜Q非農林漁業（Ｒ公務を除く）	58,028,834
23	2001	D	D	D	鉱業	47,117
24	2001	D	05	05	鉱業	47,117
25	2001	D	05	051	金属鉱業	823
26	2001	D	05	052	石炭・亜炭鉱業	2,482
27	2001	D	05	053	原油・天然ガス鉱業	3,566
28	2001	D	05	054	採石業，砂･砂利･玉石採取業	33,324
29	2001	D	05	055	窯業原料用鉱物鉱業	5,921
30	2001	D	05	059	その他の鉱業	1,001
31	2001	E	E	E	建設業	4,943,615
32	2001	E	06	06	総合工事業	2,517,857
33	2001	E	06	061	一般土木建築工事業	490,208
34	2001	E	06	062	土木工事業	1,044,618
35	2001	E	06	063	舗装工事業	119,450
36	2001	E	06	064	建築工事業	377,219
37	2001	E	06	065	木造建築工事業	457,380
38	2001	E	06	066	建築リフォーム工事業	28,982
39	2001	E	07	07	職別工事業(設備工事業を除く)	1,126,042
40	2001	E	07	071	大工工事業	120,579
41	2001	E	07	072	とび･土工･コンクリート工事業	169,352
42	2001	E	07	073	鉄骨･鉄筋工事業	119,911
43	2001	E	07	074	石工･れんが等工事業	43,731
44	2001	E	07	075	左官工事業	93,036
45	2001	E	07	076	板金・金物工事業	80,300
46	2001	E	07	077	塗装工事業	150,143
47	2001	E	07	078	　床・内装工事業	153,923
48	2001	E	07	07A	床工事業	1,327
49	2001	E	07	07B	内装工事業	152,596
50	2001	E	07	079	その他の職別工事業	195,067
51	2001	E	08	08	設備工事業	1,299,716
52	2001	E	08	081	電気工事業	455,399
53	2001	E	08	082	電気通信・信号装置工事業	173,697
54	2001	E	08	083	管工事業（さく井工事業を除く）	506,459
55	2001	E	08	084	機械器具設置工事業	108,380
56	2001	E	08	089	その他の設備工事業	55,781
57	2001	F	F	F	製造業	10,955,761
58	2001	F	09	09	食料品製造業	1,327,808
59	2001	F	09	091	畜産食料品製造業	166,397
60	2001	F	09	092	水産食料品製造業	236,563
61	2001	F	09	093	野菜缶詰等製造業	78,466
62	2001	F	09	094	調味料製造業	62,331
63	2001	F	09	095	糖類製造業	8,870
64	2001	F	09	096	精穀・製粉業	17,887
65	2001	F	09	097	パン・菓子製造業	289,726
66	2001	F	09	098	動植物油脂製造業	10,217
67	2001	F	09	099	その他の食料品製造業	457,351
68	2001	F	10	10	飲料・たばこ・飼料製造業	156,662
69	2001	F	10	101	清涼飲料製造業	33,848
70	2001	F	10	102	酒類製造業	52,870
71	2001	F	10	103	茶・コーヒー製造業	34,782
72	2001	F	10	104	製氷業	3,540
73	2001	F	10	105	たばこ製造業	9,796
74	2001	F	10	106	飼料・有機質肥料製造業	21,826
75	2001	F	11	11	繊維工業	246,123
76	2001	F	11	111	製糸業	768
77	2001	F	11	112	紡績業	19,244
78	2001	F	11	113	ねん糸製造業	19,048
79	2001	F	11	114	織物業	65,674
80	2001	F	11	115	ニット生地製造業	9,878
81	2001	F	11	116	染色整理業	63,850
82	2001	F	11	117	綱・網製造業	9,256
83	2001	F	11	118	レース・繊維雑品製造業	16,101
84	2001	F	11	119	その他の繊維工業	42,304
85	2001	F	12	12	衣服・その他の繊維製品製造業	486,519
86	2001	F	12	121	織物製外衣・シャツ製造業	233,796
87	2001	F	12	122	ニット製外衣・シャツ製造業	66,133
88	2001	F	12	123	下着類製造業	38,259
89	2001	F	12	124	和装製品・足袋製造業	13,051
90	2001	F	12	125	その他の衣服等製造業	42,393
91	2001	F	12	129	その他の繊維製品製造業	92,887
92	2001	F	13	13	木材・木製品製造業（家具を除く）	191,918
93	2001	F	13	131	製材業，木製品製造業	92,834
94	2001	F	13	132	造作材・合板等材料製造業	64,905
95	2001	F	13	133	木製容器製造業（竹，とうを含む）	14,914
96	2001	F	13	139	その他の木製品製造業	19,265
97	2001	F	14	14	家具・装備品製造業	219,771
98	2001	F	14	141	家具製造業	126,775
99	2001	F	14	142	宗教用具製造業	11,296
100	2001	F	14	143	建具製造業	56,506
101	2001	F	14	149	その他の家具・装備品製造業	25,194
102	2001	F	15	15	パルプ・紙・紙加工品製造業	286,712
103	2001	F	15	151	パルプ製造業	3,077
104	2001	F	15	152	紙製造業	63,178
105	2001	F	15	153	加工紙製造業	34,126
106	2001	F	15	154	紙製品製造業	30,208
107	2001	F	15	155	紙製容器製造業	115,930
108	2001	F	15	159	その他のパルプ等製造業	40,193
109	2001	F	16	16	印刷・同関連業	532,291
110	2001	F	16	161	印刷業	428,887
111	2001	F	16	162	製版業	48,833
112	2001	F	16	163	製本業，印刷物加工業	50,521
113	2001	F	16	169	印刷関連サービス業	4,050
114	2001	F	17	17	化学工業	495,468
115	2001	F	17	171	化学肥料製造業	7,892
116	2001	F	17	172	無機化学工業製品製造業	50,185
117	2001	F	17	173	有機化学工業製品製造業	107,824
118	2001	F	17	174	化学繊維製造業	29,156
119	2001	F	17	175	油脂加工製品・石けん・ 塗料等製造業	62,761
120	2001	F	17	176	医薬品製造業	139,498
121	2001	F	17	177	化粧品・歯磨等化粧用調整品製造業	39,258
122	2001	F	17	179	その他の化学工業	58,894
123	2001	F	18	18	石油製品・石炭製品製造業	37,720
124	2001	F	18	181	石油精製業	16,461
125	2001	F	18	182	潤滑油・グリース製造業	4,302
126	2001	F	18	183	コークス製造業	2,309
127	2001	F	18	184	舗装材料製造業	12,279
128	2001	F	18	189	その他の石油製品・石炭製品製造業	2,369
129	2001	F	19	19	プラスチック製品製造業	471,886
130	2001	F	19	191	プラスチック板・棒・管等製造業	38,402
131	2001	F	19	192	プラスチックフィルム等製造業	82,555
132	2001	F	19	193	工業用プラスチック製品製造業	143,202
133	2001	F	19	194	発泡・強化プラスチック製品製造業	51,612
134	2001	F	19	195	プラスチック成形材料製造業	19,751
135	2001	F	19	199	その他のプラスチック製品製造業	136,364
136	2001	F	20	20	ゴム製品製造業	160,519
137	2001	F	20	201	タイヤ・チューブ製造業	29,480
138	2001	F	20	202	ゴム製・プラスチック製履物等製造業	20,254
139	2001	F	20	203	ゴムベルト・ゴムホース等製造業	92,584
140	2001	F	20	209	その他のゴム製品製造業	18,201
141	2001	F	21	21	なめし革・同製品・毛皮製造業	65,144
142	2001	F	21	211	なめし革製造業	5,749
143	2001	F	21	212	工業用革製品製造業（手袋を除く）	793
144	2001	F	21	213	革製履物用材料・同附属品製造業	6,114
145	2001	F	21	214	革製履物製造業	20,789
146	2001	F	21	215	革製手袋製造業	1,382
147	2001	F	21	216	かばん製造業	9,965
148	2001	F	21	217	袋物製造業	16,525
149	2001	F	21	218	毛皮製造業	394
150	2001	F	21	219	その他のなめし革製品製造業	3,433
151	2001	F	22	22	窯業・土石製品製造業	412,828
152	2001	F	22	221	ガラス・同製品製造業	66,595
153	2001	F	22	222	セメント・同製品製造業	163,915
154	2001	F	22	223	建設用粘土製品製造業	11,276
155	2001	F	22	224	陶磁器・同関連製品製造業	75,123
156	2001	F	22	225	耐火物製造業	11,462
157	2001	F	22	226	炭素・黒鉛製品製造業	6,985
158	2001	F	22	227	研磨材・同製品製造業	10,957
159	2001	F	22	228	骨材・石工品等製造業	41,498
160	2001	F	22	229	その他の窯業・土石製品製造業	25,017
161	2001	F	23	23	鉄鋼業	264,479
162	2001	F	23	231	製鉄業	64,719
163	2001	F	23	232	製鋼・製鋼圧延業	38,928
164	2001	F	23	233	製鋼を行わない鋼材製造業	42,448
165	2001	F	23	234	表面処理鋼材製造業	15,116
166	2001	F	23	235	鉄素形材製造業	55,214
167	2001	F	23	239	その他の鉄鋼業	48,054
168	2001	F	24	24	非鉄金属製造業	181,038
169	2001	F	24	241	非鉄金属第１次製錬・精製業	14,500
170	2001	F	24	242	非鉄金属第２次製錬・精製業	17,219
171	2001	F	24	243	非鉄金属・同合金圧延業	33,471
172	2001	F	24	244	電線・ケーブル製造業	63,854
173	2001	F	24	245	非鉄金属素形材製造業	43,287
174	2001	F	24	249	その他の非鉄金属製造業	8,707
175	2001	F	25	25	金属製品製造業	856,959
176	2001	F	25	251	めっき板等製品製造業	18,034
177	2001	F	25	252	洋食器・刃物・手道具・金物類製造業	52,274
178	2001	F	25	253	暖房装置・配管工事用附属品製造業	55,228
179	2001	F	25	254	建設用・建築用金属製品製造業	333,167
180	2001	F	25	255	金属素形材製品製造業	118,268
181	2001	F	25	256	金属被覆・彫刻業，熱処理業	134,520
182	2001	F	25	257	金属線製品製造業（ねじ類を除く)	25,784
183	2001	F	25	258	ボルト・ナット・リベット等製造業	49,759
184	2001	F	25	259	その他の金属製品製造業	69,925
185	2001	F	26	26	一般機械器具製造業	1,167,530
186	2001	F	26	261	ボイラ・原動機製造業	37,390
187	2001	F	26	262	農業用機械製造業	41,495
188	2001	F	26	263	建設機械・鉱山機械製造業	56,097
189	2001	F	26	264	金属加工機械製造業	157,488
190	2001	F	26	265	繊維機械製造業	32,844
191	2001	F	26	266	特殊産業用機械製造業	139,411
192	2001	F	26	267	一般産業用機械・装置製造業	283,368
193	2001	F	26	268	事務用・サービス用等機械器具製造業	141,387
194	2001	F	26	269	その他の機械・同部分品製造業	278,050
195	2001	F	27	27	電気機械器具製造業	740,375
196	2001	F	27	271	発電用・送電用等電気機械器具製造業	370,246
197	2001	F	27	272	民生用電気機械器具製造業	111,790
198	2001	F	27	273	電球・電気照明器具製造業	51,556
199	2001	F	27	274	電子応用装置製造業	72,769
200	2001	F	27	275	電気計測器製造業	45,444
201	2001	F	27	279	その他の電気機械器具製造業	88,570
202	2001	F	28	28	情報通信機械器具製造業	377,230
203	2001	F	28	281	通信機械器具・同関連機械器具製造業	230,822
204	2001	F	28	282	電子計算機・同附属装置製造業	146,408
205	2001	F	29	29	電子部品・デバイス製造業	711,068
206	2001	F	29	291	電子部品・デバイス製造業	711,068
207	2001	F	30	30	輸送用機械器具製造業	1,026,216
208	2001	F	30	301	自動車・同附属品製造業	857,318
209	2001	F	30	302	鉄道車両・同部分品製造業	21,702
210	2001	F	30	303	船舶製造・修理業，舶用機関製造業	80,608
211	2001	F	30	304	航空機・同附属品製造業	29,356
212	2001	F	30	305	産業用運搬車両・同部分品等製造業	8,522
213	2001	F	30	309	その他の輸送用機械器具製造業	28,710
214	2001	F	31	31	精密機械器具製造業	249,996
215	2001	F	31	311	計量器・測定器・分析機器等製造業	69,858
216	2001	F	31	312	測量機械器具製造業	4,359
217	2001	F	31	313	医療用機械器具・医療用品製造業	64,508
218	2001	F	31	314	理化学機械器具製造業	4,816
219	2001	F	31	315	光学機械器具・レンズ製造業	69,032
220	2001	F	31	316	眼鏡製造業（枠を含む)	14,540
221	2001	F	31	317	時計・同部分品製造業	22,883
222	2001	F	32	32	その他の製造業	289,501
223	2001	F	32	321	貴金属・宝石製品製造業	20,276
224	2001	F	32	322	楽器製造業	15,311
225	2001	F	32	323	　がん具・運動用具製造業	48,084
226	2001	F	32	32A	がん具製造業	26,595
227	2001	F	32	32B	運動用具製造業	21,489
228	2001	F	32	324	ペン・鉛筆等事務用品製造業	27,274
229	2001	F	32	325	装身具・装飾品等製造業	16,480
230	2001	F	32	326	漆器製造業	10,762
231	2001	F	32	327	畳・傘等生活雑貨製品製造業	31,492
232	2001	F	32	328	武器製造業	2,934
233	2001	F	32	329	他に分類されない製造業	116,888
234	2001	F	32	32C	情報記録物製造業	12,935
235	2001	F	32	32D	他に分類されないその他の製造業	103,953
236	2001	G	G	G	電気・ガス・熱供給・水道業	323,711
237	2001	G	33	33	電気業	157,117
238	2001	G	33	331	電気業	157,117
239	2001	G	34	34	ガス業	44,732
240	2001	G	34	341	ガス業	44,732
241	2001	G	35	35	熱供給業	1,877
242	2001	G	35	351	熱供給業	1,877
243	2001	G	36	36	水道業	119,985
244	2001	G	36	361	上水道業	75,917
245	2001	G	36	362	工業用水道業	2,461
246	2001	G	36	363	下水道業	41,607
247	2001	H	H	H	情報通信業	1,465,996
248	2001	H	37	37	通信業	298,024
249	2001	H	37	371	信書送達業	46,760
250	2001	H	37	372	固定電気通信業	124,863
251	2001	H	37	373	移動電気通信業	26,225
252	2001	H	37	374	電気通信に附帯するサービス業	100,176
253	2001	H	38	38	放送業	67,438
254	2001	H	38	381	公共放送業（有線放送業を除く）	13,660
255	2001	H	38	382	民間放送業（有線放送業を除く）	33,892
256	2001	H	38	383	有線放送業	19,886
257	2001	H	39	39	情報サービス業	837,347
258	2001	H	39	391	ソフトウェア業	579,784
259	2001	H	39	392	情報処理・提供サービス業	257,563
260	2001	H	39	39A	情報処理サービス業	176,800
261	2001	H	39	39B	情報提供サービス業	39,829
262	2001	H	39	39C	その他の情報処理・提供サービス業	40,934
263	2001	H	40	40	インターネット附随サービス業	8,275
264	2001	H	40	401	インターネット附随サービス業	8,275
265	2001	H	41	41	映像・音声・文字情報制作業	254,912
266	2001	H	41	411	映像情報制作・配給業	54,667
267	2001	H	41	412	音声情報制作業	4,552
268	2001	H	41	413	新聞業	74,478
269	2001	H	41	414	出版業	94,917
270	2001	H	41	415	映像等情報制作に附帯するサービス業	26,298
271	2001	H	41	41A	ニュース供給業	18,700
272	2001	H	41	41B	その他情報等制作に附帯するサービス業	7,598
273	2001	I	I	I	運輸業	2,975,043
274	2001	I	42	42	鉄道業	237,168
275	2001	I	42	421	鉄道業	237,168
276	2001	I	43	43	道路旅客運送業	610,227
277	2001	I	43	431	一般乗合旅客自動車運送業	126,970
278	2001	I	43	432	一般乗用旅客自動車運送業	441,991
279	2001	I	43	433	一般貸切旅客自動車運送業	38,141
280	2001	I	43	439	その他の道路旅客運送業	3,125
281	2001	I	44	44	道路貨物運送業	1,540,470
282	2001	I	44	441	一般貨物自動車運送業	1,288,971
283	2001	I	44	442	特定貨物自動車運送業	169,412
284	2001	I	44	443	貨物軽自動車運送業	35,501
285	2001	I	44	444	集配利用運送業	15,310
286	2001	I	44	449	その他の道路貨物運送業	31,276
287	2001	I	45	45	水運業	56,791
288	2001	I	45	451	外航海運業	8,670
289	2001	I	45	452	沿海海運業	32,229
290	2001	I	45	453	内陸水運業	5,575
291	2001	I	45	454	船舶貸渡業	10,317
292	2001	I	46	46	航空運輸業	43,637
293	2001	I	46	461	航空運送業	41,974
294	2001	I	46	462	航空機使用業（航空運送業を除く)	1,663
295	2001	I	47	47	倉庫業	150,045
296	2001	I	47	471	倉庫業（冷蔵倉庫業を除く）	129,867
297	2001	I	47	472	冷蔵倉庫業	20,178
298	2001	I	48	48	運輸に附帯するサービス業	336,705
299	2001	I	48	481	港湾運送業	74,508
300	2001	I	48	482	貨物運送取扱業	30,056
301	2001	I	48	483	運送代理店	15,670
302	2001	I	48	484	こん包業	99,821
303	2001	I	48	485	運輸施設提供業	21,541
304	2001	I	48	489	その他の運輸に附帯するサービス業	95,109
305	2001	J	J	J	卸売・小売業	13,315,805
306	2001	J	49	49	各種商品卸売業	45,150
307	2001	J	49	491	各種商品卸売業	45,150
308	2001	J	49	49A	各種商品卸売業	30,706
309	2001	J	49	49B	その他の各種商品卸売業	14,444
310	2001	J	50	50	繊維・衣服等卸売業	360,155
311	2001	J	50	501	繊維品卸売業	59,003
312	2001	J	50	502	衣服・身の回り品卸売業	301,152
313	2001	J	51	51	飲食料品卸売業	913,663
314	2001	J	51	511	農畜産物・水産物卸売業	399,519
315	2001	J	51	51A	米穀類卸売業	32,740
316	2001	J	51	51B	野菜・果実卸売業	135,763
317	2001	J	51	51C	食肉卸売業	69,942
318	2001	J	51	51D	生鮮魚介卸売業	131,522
319	2001	J	51	51E	その他の農畜産物・水産物卸売業	29,552
320	2001	J	51	512	食料・飲料卸売業	514,144
321	2001	J	52	52	建築材料，鉱物・金属材料等卸売業	811,102
322	2001	J	52	521	建築材料卸売業	382,677
323	2001	J	52	522	化学製品卸売業	164,058
324	2001	J	52	523	鉱物・金属材料卸売業	195,469
325	2001	J	52	524	再生資源卸売業	68,898
326	2001	J	53	53	機械器具卸売業	1,167,307
327	2001	J	53	531	一般機械器具卸売業	378,210
328	2001	J	53	532	自動車卸売業	166,261
329	2001	J	53	533	電気機械器具卸売業	429,000
330	2001	J	53	539	その他の機械器具卸売業	193,836
331	2001	J	54	54	その他の卸売業	1,014,091
332	2001	J	54	541	家具・建具・じゅう器等卸売業	148,666
333	2001	J	54	542	医薬品・化粧品等卸売業	315,326
334	2001	J	54	549	他に分類されない卸売業	550,099
335	2001	J	54	54A	代理商, 仲立業	9,098
336	2001	J	54	54B	他に分類されないその他の卸売業	541,001
337	2001	J	55	55	各種商品小売業	725,433
338	2001	J	55	551	百貨店，総合スーパー	661,067
339	2001	J	55	559	その他の各種商品小売業	64,366
340	2001	J	56	56	織物・衣服・身の回り品小売業	775,076
341	2001	J	56	561	呉服・服地・寝具小売業	123,336
342	2001	J	56	562	男子服小売業	104,209
343	2001	J	56	563	婦人・子供服小売業	333,917
344	2001	J	56	564	靴・履物小売業	54,482
345	2001	J	56	569	その他の織物等小売業	159,132
346	2001	J	57	57	飲食料品小売業	3,477,350
347	2001	J	57	571	各種食料品小売業	1,021,099
348	2001	J	57	572	酒小売業	249,926
349	2001	J	57	573	食肉小売業	80,768
350	2001	J	57	574	鮮魚小売業	102,766
351	2001	J	57	575	野菜・果実小売業	124,107
352	2001	J	57	576	菓子・パン小売業	421,396
353	2001	J	57	577	米穀類小売業	72,621
354	2001	J	57	579	その他の飲食料品小売業	1,404,667
355	2001	J	57	57A	料理品小売業	615,230
356	2001	J	57	57B	他に分類されない飲食料品小売業	789,437
357	2001	J	58	58	自動車・自転車小売業	687,107
358	2001	J	58	581	自動車小売業	654,929
359	2001	J	58	582	自転車小売業	32,178
360	2001	J	59	59	家具・じゅう器・機械器具小売業	605,160
361	2001	J	59	591	家具・建具・畳小売業	154,628
362	2001	J	59	592	機械器具小売業	317,582
363	2001	J	59	599	その他のじゅう器小売業	132,950
364	2001	J	60	60	その他の小売業	2,734,211
365	2001	J	60	601	医薬品・化粧品小売業	463,070
366	2001	J	60	602	農耕用品小売業	79,231
367	2001	J	60	603	燃料小売業	493,681
368	2001	J	60	604	書籍・文房具小売業	787,867
369	2001	J	60	605	スポーツ用品・がん具等小売業	181,088
370	2001	J	60	60A	スポーツ用品小売業	84,952
371	2001	J	60	60B	がん具・娯楽用品小売業	54,435
372	2001	J	60	60C	楽器小売業	41,701
373	2001	J	60	606	写真機・写真材料小売業	21,235
374	2001	J	60	607	時計・眼鏡・光学機械小売業	83,925
375	2001	J	60	609	他に分類されない小売業	624,114
376	2001	J	60	60D	花・植木小売業	117,634
377	2001	J	60	60E	中古品小売業	45,166
378	2001	J	60	60F	他に分類されないその他の小売業	461,314
379	2001	K	K	K	金融・保険業	1,638,016
380	2001	K	61	61	銀行業	418,441
381	2001	K	61	611	中央銀行	5,061
382	2001	K	61	612	銀行（中央銀行を除く）	413,380
383	2001	K	62	62	協同組織金融業	226,687
384	2001	K	62	621	中小企業等金融業	208,070
385	2001	K	62	622	農林水産金融業	18,617
386	2001	K	63	63	郵便貯金取扱機関，政府関係金融機関	20,788
387	2001	K	63	631	郵便貯金・為替・振替業務取扱機関	8,410
388	2001	K	63	632	政府関係金融機関	12,378
389	2001	K	64	64	貸金業, 投資業等非預金信用機関	177,917
390	2001	K	64	641	貸金業	80,263
391	2001	K	64	642	質屋	8,705
392	2001	K	64	643	クレジットカード業，割賦金融業	81,856
393	2001	K	64	649	その他の非預金信用機関	7,093
394	2001	K	65	65	証券業，商品先物取引業	126,625
395	2001	K	65	651	証券業	101,925
396	2001	K	65	652	証券業類似業	5,358
397	2001	K	65	653	商品先物取引業，商品投資業	19,342
398	2001	K	66	66	補助的金融業,金融附帯業	21,058
399	2001	K	66	661	補助的金融業，金融附帯業	21,058
400	2001	K	67	67	保険業（保険媒介代理業等を含む）	646,500
401	2001	K	67	671	生命保険業	403,613
402	2001	K	67	672	損害保険業	110,930
403	2001	K	67	673	共済事業	37,894
404	2001	K	67	674	保険媒介代理業	83,314
405	2001	K	67	675	保険サービス業	10,749
406	2001	L	L	L	不動産業	1,003,335
407	2001	L	68	68	不動産取引業	312,518
408	2001	L	68	681	建物売買業，土地売買業	124,692
409	2001	L	68	682	不動産代理業・仲介業	187,826
410	2001	L	69	69	不動産賃貸業・管理業	690,817
411	2001	L	69	691	不動産賃貸業	178,434
412	2001	L	69	692	貸家業，貸間業	269,930
413	2001	L	69	693	駐車場業	80,916
414	2001	L	69	694	不動産管理業	161,537
415	2001	M	M	M	飲食店，宿泊業	5,116,583
416	2001	M	70	70	一般飲食店	2,929,751
417	2001	M	70	701	食堂，レストラン	1,845,064
418	2001	M	70	70A	一般食堂	561,945
419	2001	M	70	70B	日本料理店	367,214
420	2001	M	70	70C	西洋料理店	322,743
421	2001	M	70	70D	中華料理店	369,673
422	2001	M	70	70E	焼肉店（東洋料理のもの）	184,699
423	2001	M	70	70F	その他の食堂，レストラン	38,790
424	2001	M	70	702	そば・うどん店	211,546
425	2001	M	70	703	すし店	234,069
426	2001	M	70	704	喫茶店	329,227
427	2001	M	70	709	その他の一般飲食店	309,845
428	2001	M	70	70G	ハンバーガー店	167,807
429	2001	M	70	70H	お好み焼店	66,580
430	2001	M	70	70J	他に分類されない一般飲食店	75,458
431	2001	M	71	71	遊興飲食店	1,362,778
432	2001	M	71	711	料亭	44,141
433	2001	M	71	712	バー，キャバレー，ナイトクラブ	669,253
434	2001	M	71	713	酒場，ビヤホール	649,384
435	2001	M	72	72	宿泊業	824,054
436	2001	M	72	721	旅館,ホテル	735,830
437	2001	M	72	722	簡易宿所	8,040
438	2001	M	72	723	下宿業	5,768
439	2001	M	72	729	その他の宿泊業	74,416
440	2001	M	72	72A	会社・団体の宿泊所	40,093
441	2001	M	72	72B	他に分類されない宿泊業	34,323
442	2001	N	N	N	医療，福祉	4,528,545
443	2001	N	73	73	医療業	3,002,316
444	2001	N	73	731	病　院	1,693,082
445	2001	N	73	732	一般診療所	723,679
446	2001	N	73	733	歯科診療所	354,843
447	2001	N	73	734	助産・看護業	14,050
448	2001	N	73	73A	助産所	1,451
449	2001	N	73	73B	看護業	12,599
450	2001	N	73	735	療術業	154,501
451	2001	N	73	736	医療に附帯するサービス業	62,161
452	2001	N	73	73C	歯科技工所	23,693
453	2001	N	73	73D	その他の医療に附帯するサービス業	38,468
454	2001	N	74	74	保健衛生	104,233
455	2001	N	74	741	保健所	33,359
456	2001	N	74	742	健康相談施設	59,186
457	2001	N	74	749	その他の保健衛生	11,688
458	2001	N	75	75	社会保険・社会福祉・介護事業	1,421,996
459	2001	N	75	751	社会保険事業団体	49,873
460	2001	N	75	752	福祉事務所	35,573
461	2001	N	75	753	児童福祉事業	519,265
462	2001	N	75	75A	保育所	444,986
463	2001	N	75	75B	その他の児童福祉事業	74,279
464	2001	N	75	754	老人福祉・介護事業	513,687
465	2001	N	75	75C	特別養護老人ホーム	･･･
466	2001	N	75	75D	介護老人保健施設	･･･
467	2001	N	75	75E	有料老人ホーム	･･･
468	2001	N	75	75F	その他の老人福祉・介護事業	･･･
469	2001	N	75	755	障害者福祉事業	127,579
470	2001	N	75	759	その他の社会保険等事業	176,019
471	2001	N	75	75G	更生保護事業	770
472	2001	N	75	75H	訪問介護事業	･･･
473	2001	N	75	75J	他に分類されない社会保険等事業	･･･
474	2001	O	O	O	教育，学習支援業	2,812,939
475	2001	O	76	76	学校教育	1,952,437
476	2001	O	76	761	小学校	528,251
477	2001	O	76	762	中学校	313,211
478	2001	O	76	763	高等学校，中等教育学校	384,673
479	2001	O	76	764	高等教育機関	374,412
480	2001	O	76	765	特殊教育諸学校	78,145
481	2001	O	76	766	幼稚園	150,248
482	2001	O	76	767	専修学校，各種学校	123,497
483	2001	O	77	77	その他の教育，学習支援業	860,502
484	2001	O	77	771	社会教育	124,591
485	2001	O	77	77A	公民館	28,091
486	2001	O	77	77B	図書館	34,479
487	2001	O	77	77C	博物館，美術館	28,895
488	2001	O	77	77D	動物園，植物園，水族館	9,438
489	2001	O	77	77E	その他の社会教育	23,688
490	2001	O	77	772	職業・教育支援施設	71,923
491	2001	O	77	773	学習塾	276,518
492	2001	O	77	774	教養・技能教授業	307,319
493	2001	O	77	77F	音楽教授業	46,839
494	2001	O	77	77G	書道教授業	20,290
495	2001	O	77	77H	生花・茶道教授業	12,287
496	2001	O	77	77J	そろばん教授業	16,321
497	2001	O	77	77K	外国語会話教授業	･･･
498	2001	O	77	77L	スポーツ・健康教授業	59,308
499	2001	O	77	77M	フィットネスクラブ	38,785
500	2001	O	77	77N	その他の教養・技能教授業	･･･
501	2001	O	77	779	他に分類されない教育，学習支援業	80,151
502	2001	P	P	P	複合サービス事業	753,356
503	2001	P	78	78	郵便局(別掲を除く）	361,172
504	2001	P	78	781	郵便局	351,419
505	2001	P	78	782	郵便局受託業	9,753
506	2001	P	79	79	協同組合（他に分類されないもの）	392,184
507	2001	P	79	791	農林水産業協同組合	342,404
508	2001	P	79	792	事業協同組合	49,780
509	2001	Q	Q	Q	サービス業（他に分類されないもの）	8,149,012
510	2001	Q	80	80	専門サービス業	1,324,360
511	2001	Q	80	801	法律事務所，特許事務所	50,597
512	2001	Q	80	80A	法律事務所	･･･
513	2001	Q	80	80B	特許事務所	･･･
514	2001	Q	80	802	公証人役場，司法書士事務所	39,051
515	2001	Q	80	803	公認会計士事務所，税理士事務所	162,200
516	2001	Q	80	80C	公認会計士事務所	･･･
517	2001	Q	80	80D	税理士事務所	･･･
518	2001	Q	80	804	獣医業	30,803
519	2001	Q	80	805	土木建築サービス業	517,131
520	2001	Q	80	80E	建築設計業	･･･
521	2001	Q	80	80F	測量業	･･･
522	2001	Q	80	80G	その他の土木建築サービス業	･･･
523	2001	Q	80	806	デザイン・機械設計業	156,498
524	2001	Q	80	80H	デザイン業	46,861
525	2001	Q	80	80J	機械設計業	109,637
526	2001	Q	80	807	著述・芸術家業	1,838
527	2001	Q	80	808	写真業	66,173
528	2001	Q	80	809	その他の専門サービス業	300,069
529	2001	Q	80	80K	興信所	6,935
530	2001	Q	80	80L	他に分類されない専門サービス業	293,134
531	2001	Q	81	81	学術・開発研究機関	283,763
532	2001	Q	81	811	自然科学研究所	265,187
533	2001	Q	81	812	人文・社会科学研究所	18,576
534	2001	Q	82	82	洗濯・理容・美容・浴場業	1,230,097
535	2001	Q	82	821	洗濯業	398,768
536	2001	Q	82	82A	普通洗濯業	291,507
537	2001	Q	82	82B	リネンサプライ業	107,261
538	2001	Q	82	822	理容業	262,008
539	2001	Q	82	823	美容業	448,217
540	2001	Q	82	824	公衆浴場業	35,770
541	2001	Q	82	825	特殊浴場業	43,152
542	2001	Q	82	829	その他の洗濯・理容・美容・浴場業	42,182
543	2001	Q	83	83	その他の生活関連サービス業	423,839
544	2001	Q	83	831	旅行業	120,632
545	2001	Q	83	833	衣服裁縫修理業	27,168
546	2001	Q	83	834	物品預り業	8,729
547	2001	Q	83	835	火葬・墓地管理業	6,204
548	2001	Q	83	836	冠婚葬祭業	124,468
549	2001	Q	83	83A	葬儀業	62,703
550	2001	Q	83	83B	結婚式場業	46,511
551	2001	Q	83	83C	冠婚葬祭互助会	15,254
552	2001	Q	83	839	他に分類されない生活関連サービス業	136,638
553	2001	Q	83	83D	写真現像・焼付業	65,470
554	2001	Q	83	83E	分類されない生活関連サービス業	71,168
555	2001	Q	84	84	娯楽業	979,727
556	2001	Q	84	841	映画館	15,194
557	2001	Q	84	842	興行場（別掲を除く），興行団	30,703
558	2001	Q	84	843	競輪・競馬等の競走場，競技団	64,216
559	2001	Q	84	844	スポーツ施設提供業	266,973
560	2001	Q	84	84A	スポーツ施設提供業（別掲を除く）	24,500
561	2001	Q	84	84B	体育館	11,163
562	2001	Q	84	84C	ゴルフ場	171,534
563	2001	Q	84	84D	ゴルフ練習場	33,561
564	2001	Q	84	84E	ボウリング場	17,750
565	2001	Q	84	84F	テニス場	3,698
566	2001	Q	84	84G	バッティング・テニス練習場	4,767
567	2001	Q	84	845	公園，遊園地	67,998
568	2001	Q	84	846	遊戯場	406,412
569	2001	Q	84	84H	マージャンクラブ	29,549
570	2001	Q	84	84J	パチンコホール	319,592
571	2001	Q	84	84K	ゲームセンター	･･･
572	2001	Q	84	84L	その他の遊戯場	･･･
573	2001	Q	84	849	その他の娯楽業	128,231
574	2001	Q	84	84M	カラオケボックス業	･･･
575	2001	Q	84	84N	他に分類されない娯楽業	･･･
576	2001	Q	85	85	廃棄物処理業	275,927
577	2001	Q	85	851	一般廃棄物処理業	201,115
578	2001	Q	85	852	産業廃棄物処理業	73,572
579	2001	Q	85	859	その他の廃棄物処理業	1,240
580	2001	Q	86	86	自動車整備業	319,141
581	2001	Q	86	861	自動車整備業	319,141
582	2001	Q	87	87	機械等修理業（別掲を除く）	251,785
583	2001	Q	87	871	機械修理業（電気機械器具を除く）	143,155
584	2001	Q	87	872	電気機械器具修理業	78,585
585	2001	Q	87	873	表具業	9,081
586	2001	Q	87	879	その他の修理業	20,964
587	2001	Q	88	88	物品賃貸業	291,503
588	2001	Q	88	881	各種物品賃貸業	22,324
589	2001	Q	88	882	産業用機械器具賃貸業	103,313
590	2001	Q	88	883	事務用機械器具賃貸業	11,076
591	2001	Q	88	884	自動車賃貸業	35,781
592	2001	Q	88	885	スポーツ・娯楽用品賃貸業	4,176
593	2001	Q	88	889	その他の物品賃貸業	114,833
594	2001	Q	88	88A	音楽・映像記録物賃貸業	60,115
595	2001	Q	88	88B	他に分類されない物品賃貸業	54,718
596	2001	Q	89	89	広告業	154,381
597	2001	Q	89	891	広告代理業	127,081
598	2001	Q	89	899	その他の広告業	27,300
599	2001	Q	90	90	その他の事業サービス業	2,065,527
600	2001	Q	90	901	速記・ワープロ入力･複写業	27,189
601	2001	Q	90	902	商品検査業	31,014
602	2001	Q	90	903	計量証明業	18,100
603	2001	Q	90	904	建物サービス業	744,449
604	2001	Q	90	905	民営職業紹介業	31,575
605	2001	Q	90	906	警備業	307,884
606	2001	Q	90	909	他に分類されない事業サービス業	905,316
607	2001	Q	90	90A	労働者派遣業	421,174
608	2001	Q	90	90B	分類されない事業サービス業	484,142
609	2001	Q	91	91	政治・経済・文化団体	229,406
610	2001	Q	91	911	経済団体	96,111
611	2001	Q	91	912	労働団体	20,879
612	2001	Q	91	913	学術・文化団体	8,972
613	2001	Q	91	914	政治団体	4,166
614	2001	Q	91	919	他に分類されない非営利的団体	99,278
615	2001	Q	92	92	宗教	276,193
616	2001	Q	92	921	神道系宗教	34,935
617	2001	Q	92	922	仏教系宗教	179,284
618	2001	Q	92	923	キリスト教系宗教	17,485
619	2001	Q	92	929	その他の宗教	44,489
620	2001	Q	93	93	その他のサービス業	43,363
621	2001	Q	93	931	集会場	29,485
622	2001	Q	93	932	と畜場	2,878
623	2001	Q	93	939	他に分類されないサービス業	11,000
624	2001	R	R	R	公務（他に分類されないもの）	1,877,293
625	2001	R	95	95	国家公務	551,494
626	2001	R	95	951	立法機関	3,144
627	2001	R	95	952	司法機関	24,374
628	2001	R	95	953	行政機関	523,976
629	2001	R	96	96	地方公務	1,325,799
630	2001	R	96	961	都道府県機関	478,665
631	2001	R	96	962	市町村機関	847,134
1	2009	A		0	農業，林業	339315
2	2009	A	01	0	農業	278171
3	2009	A	01	010	管理，補助的経済活動を行う事業所	1597
4	2009	A	01	011	耕種農業	117665
5	2009	A	01	012	畜産農業	70120
6	2009	A	01	013	農業サービス業	67369
7	2009	A	01	014	園芸サービス業	21420
8	2009	A	02	0	林業	61144
9	2009	A	02	020	管理，補助的経済活動を行う事業所	359
10	2009	A	02	021	育林業	44464
11	2009	A	02	022	素材生産業	4693
12	2009	A	02	023	特用林産物生産業	599
13	2009	A	02	024	林業サービス業	10285
14	2009	A	02	029	その他の林業	744
15	2009	B		0	漁業	48347
16	2009	B	03	0	漁業（水産養殖業を除く）	30194
17	2009	B	03	030	管理，補助的経済活動を行う事業所	168
18	2009	B	03	031	海面漁業	29105
19	2009	B	03	032	内水面漁業	921
20	2009	B	04	0	水産養殖業	18153
21	2009	B	04	040	管理，補助的経済活動を行う事業所	236
22	2009	B	04	041	海面養殖業	11057
23	2009	B	04	042	内水面養殖業	6860
24	2009	C～S		0	非農林漁業	62472852
25	2009	C～R		0	非農林漁業（Ｓ公務を除く）	60604162
26	2009	C		0	鉱業，採石業，砂利採取業	30710
27	2009	C	05	0	鉱業，採石業，砂利採取業	30710
28	2009	C	05	050	管理，補助的経済活動を行う事業所	910
29	2009	C	05	051	金属鉱業	447
30	2009	C	05	052	石炭・亜炭鉱業	609
31	2009	C	05	053	原油・天然ガス鉱業	3690
32	2009	C	05	054	採石業，砂・砂利・玉石採取業	19878
33	2009	C	05	055	窯業原料用鉱物鉱業	4490
34	2009	C	05	059	その他の鉱業	686
35	2009	D		0	建設業	4320444
36	2009	D	06	0	総合工事業	1928639
37	2009	D	06	060	管理，補助的経済活動を行う事業所	29109
38	2009	D	06	061	一般土木建築工事業	307613
39	2009	D	06	062	土木工事業（舗装工事業を除く）	708019
40	2009	D	06	063	舗装工事業	99096
41	2009	D	06	064	建築工事業（木造建築工事業を除く）	421161
42	2009	D	06	065	木造建築工事業	289473
43	2009	D	06	066	建築リフォーム工事業	74168
44	2009	D	07	0	職別工事業（設備工事業を除く）	1082159
45	2009	D	07	070	管理，補助的経済活動を行う事業所	2917
46	2009	D	07	071	大工工事業	95407
47	2009	D	07	072	とび・土工・コンクリート工事業	183904
48	2009	D	07	073	鉄骨・鉄筋工事業	100070
49	2009	D	07	074	石工・れんが等工事業	33181
50	2009	D	07	075	左官工事業	68954
51	2009	D	07	076	板金・金物工事業	70531
52	2009	D	07	077	塗装工事業	142560
53	2009	D	07	078	床・内装工事業	148451
54	2009	D		0	床工事業	4719
55	2009	D		0	内装工事業	143732
56	2009	D	07	079	その他の職別工事業	236184
57	2009	D	08	0	設備工事業	1309646
58	2009	D	08	080	管理，補助的経済活動を行う事業所	14135
59	2009	D	08	081	電気工事業	422837
60	2009	D	08	082	電気通信・信号装置工事業	224475
61	2009	D	08	083	管工事業（さく井工事業を除く）	475182
62	2009	D	08	084	機械器具設置工事業	125100
63	2009	D	08	089	その他の設備工事業	47917
64	2009	E		0	製造業	9827416
65	2009	E	09	0	食料品製造業	1294264
66	2009	E	09	090	管理，補助的経済活動を行う事業所	31893
67	2009	E	09	091	畜産食料品製造業	156158
68	2009	E	09	092	水産食料品製造業	203228
69	2009	E	09	093	野菜缶詰等製造業	66098
70	2009	E	09	094	調味料製造業	57956
71	2009	E	09	095	糖類製造業	5831
72	2009	E	09	096	精穀・製粉業	17797
73	2009	E	09	097	パン・菓子製造業	283376
74	2009	E	09	098	動植物油脂製造業	10958
75	2009	E	09	099	その他の食料品製造業	460969
76	2009	E	10	0	飲料・たばこ・飼料製造業	147745
77	2009	E	10	100	管理，補助的経済活動を行う事業所	6823
78	2009	E	10	101	清涼飲料製造業	32043
79	2009	E	10	102	酒類製造業	44996
80	2009	E	10	103	茶・コーヒー製造業	34900
81	2009	E	10	104	製氷業	2712
82	2009	E	10	105	たばこ製造業	3148
83	2009	E	10	106	飼料・有機質肥料製造業	23123
84	2009	E	11	0	繊維工業	490252
85	2009	E	11	110	管理，補助的経済活動を行う事業所	6366
86	2009	E	11	111	製糸業，紡績業，化学繊維等製造業	34790
87	2009	E	11	112	織物業	47859
88	2009	E	11	113	ニット生地製造業	6542
89	2009	E	11	114	染色整理業	42575
90	2009	E	11	115	綱・網・レース等製造業	33278
91	2009	E	11	116	外衣・シャツ製造業	178741
92	2009	E	11	117	下着類製造業	21024
93	2009	E	11	118	和装製品・その他の衣服等製造業	37592
94	2009	E	11	119	その他の繊維製品製造業	81485
95	2009	E	12	0	木材・木製品製造業（家具を除く）	138372
96	2009	E	12	120	管理，補助的経済活動を行う事業所	1214
97	2009	E	12	121	製材業，木製品製造業	59113
98	2009	E	12	122	造作材・合板等材料製造業	52542
99	2009	E	12	123	木製容器製造業（竹，とうを含む）	10792
100	2009	E	12	129	その他の木製品製造業	14711
101	2009	E	13	0	家具・装備品製造業	180598
102	2009	E	13	130	管理，補助的経済活動を行う事業所	2366
103	2009	E	13	131	家具製造業	102479
104	2009	E	13	132	宗教用具製造業	8379
105	2009	E	13	133	建具製造業	39599
106	2009	E	13	139	その他の家具・装備品製造業	27775
107	2009	E	14	0	パルプ・紙・紙加工品製造業	240895
108	2009	E	14	140	管理，補助的経済活動を行う事業所	5564
109	2009	E	14	141	パルプ製造業	4455
110	2009	E	14	142	紙製造業	37656
111	2009	E	14	143	加工紙製造業	28117
112	2009	E	14	144	紙製品製造業	23863
113	2009	E	14	145	紙製容器製造業	99946
114	2009	E	14	149	その他のパルプ等製造業	41294
115	2009	E	15	0	印刷・同関連業	447920
116	2009	E	15	150	管理，補助的経済活動を行う事業所	7753
117	2009	E	15	151	印刷業	361867
118	2009	E	15	152	製版業	34539
119	2009	E	15	153	製本業，印刷物加工業	41448
120	2009	E	15	159	印刷関連サービス業	2313
121	2009	E	16	0	化学工業	483669
122	2009	E	16	160	管理，補助的経済活動を行う事業所	36390
123	2009	E	16	161	化学肥料製造業	4800
124	2009	E	16	162	無機化学工業製品製造業	52209
125	2009	E	16	163	有機化学工業製品製造業	100098
126	2009	E	16	164	油脂加工製品・石けん・塗料等製造業	52581
127	2009	E	16	165	医薬品製造業	136573
128	2009	E	16	166	化粧品・歯磨等化粧用調整品製造業	43868
129	2009	E	16	169	その他の化学工業	57150
130	2009	E	17	0	石油製品・石炭製品製造業	34081
131	2009	E	17	170	管理，補助的経済活動を行う事業所	1908
132	2009	E	17	171	石油精製業	17165
133	2009	E	17	172	潤滑油・グリース製造業	3909
134	2009	E	17	173	コークス製造業	2029
135	2009	E	17	174	舗装材料製造業	7249
136	2009	E	17	179	その他の石油製品・石炭製品製造業	1821
137	2009	E	18	0	プラスチック製品製造業	442843
138	2009	E	18	180	管理，補助的経済活動を行う事業所	11647
139	2009	E	18	181	プラスチック板・棒・管等製造業	24543
140	2009	E	18	182	プラスチックフィルム等製造業	73323
141	2009	E	18	183	工業用プラスチック製品製造業	161484
142	2009	E	18	184	発泡・強化プラスチック製品製造業	41770
143	2009	E	18	185	プラスチック成形材料製造業	17000
144	2009	E	18	189	その他のプラスチック製品製造業	113076
145	2009	E	19	0	ゴム製品製造業	155184
146	2009	E	19	190	管理，補助的経済活動を行う事業所	1840
147	2009	E	19	191	タイヤ・チューブ製造業	28589
148	2009	E	19	192	ゴム製・プラスチック製履物等製造業	10388
149	2009	E	19	193	ゴムベルト・ゴムホース等製造業	102405
150	2009	E	19	199	その他のゴム製品製造業	11962
151	2009	E	20	0	なめし革・同製品・毛皮製造業	46515
152	2009	E	20	200	管理，補助的経済活動を行う事業所	281
153	2009	E	20	201	なめし革製造業	3444
154	2009	E	20	202	工業用革製品製造業（手袋を除く）	793
155	2009	E	20	203	革製履物用材料・同附属品製造業	3793
156	2009	E	20	204	革製履物製造業	13080
157	2009	E	20	205	革製手袋製造業	1022
158	2009	E	20	206	かばん製造業	8231
159	2009	E	20	207	袋物製造業	12511
160	2009	E	20	208	毛皮製造業	344
161	2009	E	20	209	その他のなめし革製品製造業	3016
162	2009	E	21	0	窯業・土石製品製造業	324861
163	2009	E	21	210	管理，補助的経済活動を行う事業所	10975
164	2009	E	21	211	ガラス・同製品製造業	55801
165	2009	E	21	212	セメント・同製品製造業	112020
166	2009	E	21	213	建設用粘土製品製造業	5441
167	2009	E	21	214	陶磁器・同関連製品製造業	59023
168	2009	E	21	215	耐火物製造業	9043
169	2009	E	21	216	炭素・黒鉛製品製造業	10502
170	2009	E	21	217	研磨材・同製品製造業	9750
171	2009	E	21	218	骨材・石工品等製造業	32681
172	2009	E	21	219	その他の窯業・土石製品製造業	19625
173	2009	E	22	0	鉄鋼業	233682
174	2009	E	22	220	管理，補助的経済活動を行う事業所	11910
175	2009	E	22	221	製鉄業	46453
176	2009	E	22	222	製鋼・製鋼圧延業	26067
177	2009	E	22	223	製鋼を行わない鋼材製造業	41752
178	2009	E	22	224	表面処理鋼材製造業	8782
179	2009	E	22	225	鉄素形材製造業	53455
180	2009	E	22	229	その他の鉄鋼業	45263
181	2009	E	23	0	非鉄金属製造業	156222
182	2009	E	23	230	管理，補助的経済活動を行う事業所	4148
183	2009	E	23	231	非鉄金属第１次製錬・精製業	11913
184	2009	E	23	232	非鉄金属第２次製錬・精製業	15839
185	2009	E	23	233	非鉄金属・同合金圧延業	26198
186	2009	E	23	234	電線・ケーブル製造業	37592
187	2009	E	23	235	非鉄金属素形材製造業	46721
188	2009	E	23	239	その他の非鉄金属製造業	13811
189	2009	E	24	0	金属製品製造業	792889
190	2009	E	24	240	管理，補助的経済活動を行う事業所	8959
191	2009	E	24	241	めっき板等製品製造業	13132
192	2009	E	24	242	洋食器・刃物・手道具・金物類製造業	58530
193	2009	E	24	243	暖房装置・配管工事用附属品製造業	48993
194	2009	E	24	244	建設用・建築用金属製品製造業	306361
195	2009	E	24	245	金属素形材製品製造業	97007
196	2009	E	24	246	金属被覆・彫刻業，熱処理業	127852
197	2009	E	24	247	金属線製品製造業（ねじ類を除く）	20925
198	2009	E	24	248	ボルト・ナット・リベット等製造業	48081
199	2009	E	24	249	その他の金属製品製造業	63049
200	2009	E	25	0	はん用機械器具製造業	435291
201	2009	E	25	250	管理，補助的経済活動を行う事業所	11658
202	2009	E	25	251	ボイラ・原動機製造業	35054
203	2009	E	25	252	ポンプ・圧縮機器製造業	72437
204	2009	E	25	253	一般産業用機械・装置製造業	155830
205	2009	E	25	259	その他のはん用機械・同部分品製造業	160312
206	2009	E	26	0	生産用機械器具製造業	654864
207	2009	E	26	260	管理，補助的経済活動を行う事業所	11108
208	2009	E	26	261	農業用機械製造業	39496
209	2009	E	26	262	建設機械・鉱山機械製造業	55915
210	2009	E	26	263	繊維機械製造業	17992
211	2009	E	26	264	生活関連産業用機械製造業	60931
212	2009	E	26	265	基礎素材産業用機械製造業	61696
213	2009	E	26	266	金属加工機械製造業	164232
214	2009	E	26	267	半導体等製造装置製造業	58762
215	2009	E	26	269	その他の生産用機械・同部分品製造業	184732
216	2009	E	27	0	業務用機械器具製造業	295401
217	2009	E	27	270	管理，補助的経済活動を行う事業所	24040
218	2009	E	27	271	事務用機械器具製造業	42449
219	2009	E	27	272	サービス用・娯楽用機械器具製造業	37333
220	2009	E	27	273	計量器・測定器・分析機器等製造業	66331
221	2009	E	27	274	医療用機械器具・医療用品製造業	63948
222	2009	E	27	275	光学機械器具・レンズ製造業	57694
223	2009	E	27	276	武器製造業	3606
224	2009	E	28	0	電子部品・デバイス・電子回路製造業	575548
225	2009	E	28	280	管理，補助的経済活動を行う事業所	11591
226	2009	E	28	281	電子デバイス製造業	212905
227	2009	E	28	282	電子部品製造業	102379
228	2009	E	28	283	記録メディア製造業	9107
229	2009	E	28	284	電子回路製造業	85376
230	2009	E	28	285	ユニット部品製造業	20370
231	2009	E	28	289	その他の電子部品・デバイス等製造業	133820
232	2009	E	29	0	電気機械器具製造業	585573
233	2009	E	29	290	管理，補助的経済活動を行う事業所	20771
234	2009	E	29	291	発電用・送電用等電気機械器具製造業	194705
235	2009	E	29	292	産業用電気機械器具製造業	116727
236	2009	E	29	293	民生用電気機械器具製造業	72409
237	2009	E	29	294	電球・電気照明器具製造業	48439
238	2009	E	29	295	電池製造業	22125
239	2009	E	29	296	電子応用装置製造業	31372
240	2009	E	29	297	電気計測器製造業	38900
241	2009	E	29	299	その他の電気機械器具製造業	40125
242	2009	E	30	0	情報通信機械器具製造業	330878
243	2009	E	30	300	管理，補助的経済活動を行う事業所	10784
244	2009	E	30	301	通信機械器具・同関連機械器具製造業	140952
245	2009	E	30	302	映像・音響機械器具製造業	52930
246	2009	E	30	303	電子計算機・同附属装置製造業	126212
247	2009	E	31	0	輸送用機械器具製造業	1051191
248	2009	E	31	310	管理，補助的経済活動を行う事業所	43641
249	2009	E	31	311	自動車・同附属品製造業	806041
250	2009	E	31	312	鉄道車両・同部分品製造業	25973
251	2009	E	31	313	船舶製造・修理業，舶用機関製造業	103026
252	2009	E	31	314	航空機・同附属品製造業	45586
253	2009	E	31	315	産業用運搬車両・同部分品等製造業	12316
254	2009	E	31	319	その他の輸送用機械器具製造業	14608
255	2009	E	32	0	その他の製造業	288678
256	2009	E	32	320	管理，補助的経済活動を行う事業所	7204
257	2009	E	32	321	貴金属・宝石製品製造業	17235
258	2009	E	32	322	装身具・装飾品等製造業	13504
259	2009	E	32	323	時計・同部分品製造業	10481
260	2009	E	32	324	楽器製造業	13671
261	2009	E	32	325	がん具・運動用具製造業	39623
262	2009	E		0	がん具製造業	19960
263	2009	E		0	運動用具製造業	19663
264	2009	E	32	326	ペン・鉛筆等事務用品製造業	20244
265	2009	E	32	327	漆器製造業	6989
266	2009	E	32	328	畳等生活雑貨製品製造業	24082
267	2009	E	32	329	他に分類されない製造業	135645
268	2009	E		0	情報記録物製造業	6627
269	2009	E		0	他に分類されないその他の製造業	129018
270	2009	F		0	電気・ガス・熱供給・水道業	302327
271	2009	F	33	0	電気業	148753
272	2009	F	33	330	管理，補助的経済活動を行う事業所	121598
273	2009	F	33	331	電気業	27155
274	2009	F	34	0	ガス業	37598
275	2009	F	34	340	管理，補助的経済活動を行う事業所	15543
276	2009	F	34	341	ガス業	22055
277	2009	F	35	0	熱供給業	2613
278	2009	F	35	350	管理，補助的経済活動を行う事業所	47
279	2009	F	35	351	熱供給業	2566
280	2009	F	36	0	水道業	113363
281	2009	F	36	360	管理，補助的経済活動を行う事業所	31381
282	2009	F	36	361	上水道業	40412
283	2009	F	36	362	工業用水道業	1254
284	2009	F	36	363	下水道業	40316
285	2009	G		0	情報通信業	1724978
286	2009	G	37	0	通信業	192861
287	2009	G	37	370	管理，補助的経済活動を行う事業所	1641
288	2009	G	37	371	固定電気通信業	68988
289	2009	G	37	372	移動電気通信業	33430
290	2009	G	37	373	電気通信に附帯するサービス業	88802
291	2009	G	38	0	放送業	72194
292	2009	G	38	380	管理，補助的経済活動を行う事業所	738
293	2009	G	38	381	公共放送業（有線放送業を除く）	14773
294	2009	G	38	382	民間放送業（有線放送業を除く）	32782
295	2009	G	38	383	有線放送業	23901
296	2009	G	39	0	情報サービス業	1108899
297	2009	G	39	390	管理，補助的経済活動を行う事業所	9240
298	2009	G	39	391	ソフトウェア業	914407
299	2009	G	39	392	情報処理・提供サービス業	185252
300	2009	G		0	情報処理サービス業	122428
301	2009	G		0	情報提供サービス業	38087
302	2009	G		0	その他の情報処理・提供サービス業	24737
303	2009	G	40	0	インターネット附随サービス業	64936
304	2009	G	40	400	管理，補助的経済活動を行う事業所	11
305	2009	G	40	401	インターネット附随サービス業	64925
306	2009	G	41	0	映像・音声・文字情報制作業	286088
307	2009	G	41	410	管理，補助的経済活動を行う事業所	952
308	2009	G	41	411	映像情報制作・配給業	64360
309	2009	G	41	412	音声情報制作業	7158
310	2009	G	41	413	新聞業	58349
311	2009	G	41	414	出版業	90303
312	2009	G	41	415	広告制作業	26158
313	2009	G	41	416	映像等情報制作に附帯するサービス業	38808
314	2009	G		0	ニュース供給業	15315
315	2009	G		0	その他情報制作に附帯するサービス業	23493
316	2009	H		0	運輸業，郵便業	3611602
317	2009	H	42	0	鉄道業	275173
318	2009	H	42	420	管理，補助的経済活動を行う事業所	31316
319	2009	H	42	421	鉄道業	243857
320	2009	H	43	0	道路旅客運送業	621855
321	2009	H	43	430	管理，補助的経済活動を行う事業所	7373
322	2009	H	43	431	一般乗合旅客自動車運送業	116517
323	2009	H	43	432	一般乗用旅客自動車運送業	444024
324	2009	H	43	433	一般貸切旅客自動車運送業	48460
325	2009	H	43	439	その他の道路旅客運送業	5481
326	2009	H	44	0	道路貨物運送業	1793269
327	2009	H	44	440	管理，補助的経済活動を行う事業所	22838
328	2009	H	44	441	一般貨物自動車運送業	1661505
329	2009	H	44	442	特定貨物自動車運送業	61572
330	2009	H	44	443	貨物軽自動車運送業	25879
331	2009	H	44	444	集配利用運送業	15932
332	2009	H	44	449	その他の道路貨物運送業	5543
333	2009	H	45	0	水運業	55391
334	2009	H	45	450	管理，補助的経済活動を行う事業所	1106
335	2009	H	45	451	外航海運業	9193
336	2009	H	45	452	沿海海運業	30498
337	2009	H	45	453	内陸水運業	4632
338	2009	H	45	454	船舶貸渡業	9962
339	2009	H	46	0	航空運輸業	53005
340	2009	H	46	460	管理，補助的経済活動を行う事業所	3845
341	2009	H	46	461	航空運送業	47839
342	2009	H	46	462	航空機使用業（航空運送業を除く）	1321
343	2009	H	47	0	倉庫業	200372
344	2009	H	47	470	管理，補助的経済活動を行う事業所	6279
345	2009	H	47	471	倉庫業（冷蔵倉庫業を除く）	171910
346	2009	H	47	472	冷蔵倉庫業	22183
347	2009	H	48	0	運輸に附帯するサービス業	351482
348	2009	H	48	480	管理，補助的経済活動を行う事業所	8013
349	2009	H	48	481	港湾運送業	68466
350	2009	H	48	482	貨物運送取扱業	45143
351	2009	H	48	483	運送代理店	12452
352	2009	H	48	484	こん包業	86399
353	2009	H	48	485	運輸施設提供業	26898
354	2009	H	48	489	その他の運輸に附帯するサービス業	104111
355	2009	H	49	0	郵便業（信書便事業を含む）	261055
356	2009	H	49	490	管理，補助的経済活動を行う事業所	1838
357	2009	H	49	491	郵便業（信書便事業を含む）	259217
358	2009	I		0	卸売業，小売業	12696990
359	2009	I	50	0	各種商品卸売業	37936
360	2009	I	50	500	管理，補助的経済活動を行う事業所	5180
361	2009	I	50	501	各種商品卸売業	32756
362	2009	I		0	各種商品卸売業	28085
363	2009	I		0	その他の各種商品卸売業	4671
364	2009	I	51	0	繊維・衣服等卸売業	298128
365	2009	I	51	510	管理，補助的経済活動を行う事業所	7274
366	2009	I	51	511	繊維品卸売業	44363
367	2009	I	51	512	衣服卸売業	150721
368	2009	I	51	513	身の回り品卸売業	95770
369	2009	I	52	0	飲食料品卸売業	880273
370	2009	I	52	520	管理，補助的経済活動を行う事業所	25803
371	2009	I	52	521	農畜産物・水産物卸売業	387980
372	2009	I		0	米穀類卸売業	39606
373	2009	I		0	野菜・果実卸売業	137894
374	2009	I		0	食肉卸売業	67674
375	2009	I		0	生鮮魚介卸売業	122860
376	2009	I		0	その他の農畜産物・水産物卸売業	19946
377	2009	I	52	522	食料・飲料卸売業	466490
378	2009	I	53	0	建築材料，鉱物・金属材料等卸売業	756353
379	2009	I	53	530	管理，補助的経済活動を行う事業所	15665
380	2009	I	53	531	建築材料卸売業	316112
381	2009	I	53	532	化学製品卸売業	141974
382	2009	I	53	533	石油・鉱物卸売業	65531
383	2009	I	53	534	鉄鋼製品卸売業	100688
384	2009	I	53	535	非鉄金属卸売業	21941
385	2009	I	53	536	再生資源卸売業	94442
386	2009	I	54	0	機械器具卸売業	1190338
387	2009	I	54	540	管理，補助的経済活動を行う事業所	35386
388	2009	I	54	541	産業機械器具卸売業	413404
389	2009	I	54	542	自動車卸売業	175684
390	2009	I	54	543	電気機械器具卸売業	395881
391	2009	I	54	549	その他の機械器具卸売業	169983
392	2009	I	55	0	その他の卸売業	962221
393	2009	I	55	550	管理，補助的経済活動を行う事業所	34542
394	2009	I	55	551	家具・建具・じゅう器等卸売業	142751
395	2009	I	55	552	医薬品・化粧品等卸売業	312751
396	2009	I	55	553	紙・紙製品卸売業	64459
397	2009	I	55	559	他に分類されない卸売業	407718
398	2009	I		0	代理商，仲立業	7621
399	2009	I		0	他に分類されないその他の卸売業	400097
400	2009	I	56	0	各種商品小売業	640122
401	2009	I	56	560	管理，補助的経済活動を行う事業所	16849
402	2009	I	56	561	百貨店，総合スーパー	592837
403	2009	I	56	569	その他の各種商品小売業	30436
404	2009	I	57	0	織物・衣服・身の回り品小売業	751306
405	2009	I	57	570	管理，補助的経済活動を行う事業所	18800
406	2009	I	57	571	呉服・服地・寝具小売業	78095
407	2009	I	57	572	男子服小売業	107716
408	2009	I	57	573	婦人・子供服小売業	355320
409	2009	I	57	574	靴・履物小売業	52243
410	2009	I	57	579	その他の織物等小売業	139132
411	2009	I	58	0	飲食料品小売業	3212008
412	2009	I	58	580	管理，補助的経済活動を行う事業所	54991
413	2009	I	58	581	各種食料品小売業	1044719
414	2009	I	58	582	野菜・果実小売業	123871
415	2009	I	58	583	食肉小売業	73890
416	2009	I	58	584	鮮魚小売業	90878
417	2009	I	58	585	酒小売業	168690
418	2009	I	58	586	菓子・パン小売業	429432
419	2009	I	58	589	その他の飲食料品小売業	1225537
420	2009	I		0	料理品小売業	179446
421	2009	I		0	他に分類されない飲食料品小売業	1046091
422	2009	I	59	0	機械器具小売業	992606
423	2009	I	59	590	管理，補助的経済活動を行う事業所	26759
424	2009	I	59	591	自動車小売業	636711
425	2009	I	59	592	自転車小売業	31371
426	2009	I	59	593	機械器具小売業	297765
427	2009	I	60	0	その他の小売業	2857269
428	2009	I	60	600	管理，補助的経済活動を行う事業所	48448
429	2009	I	60	601	家具・建具・畳小売業	122522
430	2009	I	60	602	じゅう器小売業	136798
431	2009	I	60	603	医薬品・化粧品小売業	590207
432	2009	I	60	604	農耕用品小売業	85399
433	2009	I	60	605	燃料小売業	394418
434	2009	I	60	606	書籍・文房具小売業	621523
435	2009	I	60	607	スポーツ用品・がん具等小売業	170188
436	2009	I		0	スポーツ用品小売業	94013
437	2009	I		0	がん具・娯楽用品小売業	43741
438	2009	I		0	楽器小売業	32434
439	2009	I	60	608	写真機・時計・眼鏡小売業	93359
440	2009	I	60	609	他に分類されない小売業	594407
441	2009	I		0	花・植木小売業	101665
442	2009	I		0	ペット・ペット用品小売業	23184
443	2009	I		0	中古品小売業	52225
444	2009	I		0	他に分類されないその他の小売業	377002
445	2009	I	61	0	無店舗小売業	118430
446	2009	I	61	610	管理，補助的経済活動を行う事業所	8224
447	2009	I	61	611	通信販売・訪問販売小売業	69219
448	2009	I	61	612	自動販売機による小売業	10244
449	2009	I	61	619	その他の無店舗小売業	30743
450	2009	J		0	金融業，保険業	1588681
451	2009	J	62	0	銀行業	445256
452	2009	J	62	620	管理，補助的経済活動を行う事業所	16107
453	2009	J	62	621	中央銀行	4739
454	2009	J	62	622	銀行（中央銀行を除く）	424410
455	2009	J	63	0	協同組織金融業	192686
456	2009	J	63	630	管理，補助的経済活動を行う事業所	4184
457	2009	J	63	631	中小企業等金融業	173594
458	2009	J	63	632	農林水産金融業	14908
459	2009	J	64	0	クレジットカード業等非預金信用機関	134803
460	2009	J	64	640	管理，補助的経済活動を行う事業所	5080
461	2009	J	64	641	貸金業	37745
462	2009	J	64	642	質屋	6495
463	2009	J	64	643	クレジットカード業，割賦金融業	69316
464	2009	J	64	649	その他の非預金信用機関	16167
465	2009	J	65	0	金融商品取引業，商品先物取引業	110004
466	2009	J	65	650	管理，補助的経済活動を行う事業所	1731
467	2009	J	65	651	金融商品取引業	100680
468	2009	J	65	652	商品先物取引業，商品投資業	7593
469	2009	J	66	0	補助的金融業等	30452
470	2009	J	66	660	管理，補助的経済活動を行う事業所	528
471	2009	J	66	661	補助的金融業，金融附帯業	28407
472	2009	J	66	662	信託業	63
473	2009	J	66	663	金融代理業	1454
474	2009	J	67	0	保険業（保険媒介代理業等を含む）	675480
475	2009	J	67	670	管理，補助的経済活動を行う事業所	14634
476	2009	J	67	671	生命保険業	366069
477	2009	J	67	672	損害保険業	108105
478	2009	J	67	673	共済事業・少額短期保険業	40300
479	2009	J	67	674	保険媒介代理業	129460
480	2009	J	67	675	保険サービス業	16912
481	2009	K		0	不動産業，物品賃貸業	1551345
482	2009	K	68	0	不動産取引業	351829
483	2009	K	68	680	管理，補助的経済活動を行う事業所	3280
484	2009	K	68	681	建物売買業，土地売買業	112536
485	2009	K	68	682	不動産代理業・仲介業	236013
486	2009	K	69	0	不動産賃貸業・管理業	888704
487	2009	K	69	690	管理，補助的経済活動を行う事業所	2659
488	2009	K	69	691	不動産賃貸業	213409
489	2009	K	69	692	貸家業，貸間業	348297
490	2009	K	69	693	駐車場業	87259
491	2009	K	69	694	不動産管理業	237080
492	2009	K	70	0	物品賃貸業	310812
493	2009	K	70	700	管理，補助的経済活動を行う事業所	6988
494	2009	K	70	701	各種物品賃貸業	20925
495	2009	K	70	702	産業用機械器具賃貸業	108499
496	2009	K	70	703	事務用機械器具賃貸業	10023
497	2009	K	70	704	自動車賃貸業	43628
498	2009	K	70	705	スポーツ・娯楽用品賃貸業	3149
499	2009	K	70	709	その他の物品賃貸業	117600
500	2009	K		0	音楽・映像記録物賃貸業	54601
501	2009	K		0	他に分類されない物品賃貸業	62999
502	2009	L		0	学術研究，専門・技術サービス業	1897680
503	2009	L	71	0	学術・開発研究機関	303752
504	2009	L	71	710	管理，補助的経済活動を行う事業所	1110
505	2009	L	71	711	自然科学研究所	277095
506	2009	L	71	712	人文・社会科学研究所	25547
507	2009	L	72	0	専門サービス業	609594
508	2009	L	72	720	管理，補助的経済活動を行う事業所	1393
509	2009	L	72	721	法律事務所，特許事務所	63429
510	2009	L		0	法律事務所	49744
511	2009	L		0	特許事務所	13685
512	2009	L	72	722	公証人役場，司法書士事務所等	55872
513	2009	L	72	723	行政書士事務所	11131
514	2009	L	72	724	公認会計士事務所，税理士事務所	167483
515	2009	L		0	公認会計士事務所	31567
516	2009	L		0	税理士事務所	135916
517	2009	L	72	725	社会保険労務士事務所	14957
518	2009	L	72	726	デザイン業	47163
519	2009	L	72	727	著述・芸術家業	1517
520	2009	L	72	728	経営コンサルタント業，純粋持株会社	104399
521	2009	L		0	経営コンサルタント業	83192
522	2009	L		0	純粋持株会社	17287
523	2009	L	72	729	その他の専門サービス業	142250
524	2009	L		0	興信所	6507
525	2009	L		0	分類されない専門サービス業	135743
526	2009	L	73	0	広告業	134036
527	2009	L	73	730	管理，補助的経済活動を行う事業所	362
528	2009	L	73	731	広告業	133674
529	2009	L	74	0	技術サービス業	850298
530	2009	L	74	740	管理，補助的経済活動を行う事業所	5371
531	2009	L	74	741	獣医業	43893
532	2009	L	74	742	土木建築サービス業	428043
533	2009	L		0	建築設計業	331474
534	2009	L		0	測量業	69874
535	2009	L		0	その他の土木建築サービス業	26695
536	2009	L	74	743	機械設計業	108823
537	2009	L	74	744	商品・非破壊検査業	55513
538	2009	L	74	745	計量証明業	31004
539	2009	L	74	746	写真業	53803
540	2009	L	74	749	その他の技術サービス業	123848
541	2009	M		0	宿泊業，飲食サービス業	5736967
542	2009	M	75	0	宿泊業	769959
543	2009	M	75	750	管理，補助的経済活動を行う事業所	5799
544	2009	M	75	751	旅館，ホテル	694934
545	2009	M	75	752	簡易宿所	7952
546	2009	M	75	753	下宿業	4163
547	2009	M	75	759	その他の宿泊業	57111
548	2009	M		0	会社・団体の宿泊所	23382
549	2009	M		0	他に分類されない宿泊業	33729
550	2009	M	76	0	飲食店	4421927
551	2009	M	76	760	管理，補助的経済活動を行う事業所	53940
552	2009	M	76	761	食堂，レストラン	540092
553	2009	M	76	762	専門料理店	1441476
554	2009	M		0	日本料理店	462946
555	2009	M		0	中華料理店	384922
556	2009	M		0	焼肉店	187705
557	2009	M		0	その他の専門料理店	405903
558	2009	M	76	763	そば・うどん店	220392
559	2009	M	76	764	すし店	248988
560	2009	M	76	765	酒場，ビヤホール	714224
561	2009	M	76	766	バー，キャバレー，ナイトクラブ	476180
562	2009	M	76	767	喫茶店	350845
563	2009	M	76	769	その他の飲食店	375790
564	2009	M		0	ハンバーガー店	211286
565	2009	M		0	お好み焼・焼きそば・たこ焼店	76852
566	2009	M		0	他に分類されないその他の飲食店	87652
567	2009	M	77	0	持ち帰り・配達飲食サービス業	545081
568	2009	M	77	770	管理，補助的経済活動を行う事業所	9212
569	2009	M	77	771	持ち帰り飲食サービス業	105969
570	2009	M	77	772	配達飲食サービス業	429900
571	2009	N		0	生活関連サービス業，娯楽業	2750705
572	2009	N	78	0	洗濯・理容・美容・浴場業	1280448
573	2009	N	78	780	管理，補助的経済活動を行う事業所	6474
574	2009	N	78	781	洗濯業	385042
575	2009	N		0	普通洗濯業	267075
576	2009	N		0	リネンサプライ業	117967
577	2009	N	78	782	理容業	234127
578	2009	N	78	783	美容業	482191
579	2009	N	78	784	一般公衆浴場業	21195
580	2009	N	78	785	その他の公衆浴場業	68145
581	2009	N	78	789	その他の洗濯・理容・美容・浴場業	83274
582	2009	N	79	0	その他の生活関連サービス業	445535
583	2009	N	79	790	管理，補助的経済活動を行う事業所	4511
584	2009	N	79	791	旅行業	103858
585	2009	N	79	793	衣服裁縫修理業	27110
586	2009	N	79	794	物品預り業	10594
587	2009	N	79	795	火葬・墓地管理業	8680
588	2009	N	79	796	冠婚葬祭業	153015
589	2009	N		0	葬儀業	85115
590	2009	N		0	結婚式場業	53747
591	2009	N		0	冠婚葬祭互助会	14153
592	2009	N	79	799	他に分類されない生活関連サービス業	137767
593	2009	N		0	写真現像・焼付業	38249
594	2009	N		0	分類されない生活関連サービス業	99518
595	2009	N	80	0	娯楽業	1024722
596	2009	N	80	800	管理，補助的経済活動を行う事業所	16748
597	2009	N	80	801	映画館	23576
598	2009	N	80	802	興行場（別掲を除く），興行団	38173
599	2009	N	80	803	競輪・競馬等の競走場，競技団	32572
600	2009	N	80	804	スポーツ施設提供業	318399
601	2009	N		0	スポーツ施設提供業（別掲を除く）	35948
602	2009	N		0	体育館	10210
603	2009	N		0	ゴルフ場	147431
604	2009	N		0	ゴルフ練習場	31324
605	2009	N		0	ボウリング場	12592
606	2009	N		0	テニス場	3097
607	2009	N		0	バッティング・テニス練習場	3816
608	2009	N		0	フィットネスクラブ	73981
609	2009	N	80	805	公園，遊園地	66100
610	2009	N	80	806	遊戯場	402785
611	2009	N		0	マージャンクラブ	19159
612	2009	N		0	パチンコホール	309679
613	2009	N		0	ゲームセンター	65088
614	2009	N		0	その他の遊戯場	8859
615	2009	N	80	809	その他の娯楽業	126369
616	2009	N		0	カラオケボックス業	66730
617	2009	N		0	他に分類されない娯楽業	59639
618	2009	O		0	教育，学習支援業	3086902
619	2009	O	81	0	学校教育	2164291
620	2009	O	81	810	管理，補助的経済活動を行う事業所	5979
621	2009	O	81	811	幼稚園	168543
622	2009	O	81	812	小学校	554144
623	2009	O	81	813	中学校	312157
624	2009	O	81	814	高等学校，中等教育学校	373498
625	2009	O	81	815	特別支援学校	92665
626	2009	O	81	816	高等教育機関	540907
627	2009	O	81	817	専修学校，各種学校	115454
628	2009	O	81	818	学校教育支援機関	944
629	2009	O	82	0	その他の教育，学習支援業	922611
630	2009	O	82	820	管理，補助的経済活動を行う事業所	10553
631	2009	O	82	821	社会教育	124270
632	2009	O		0	公民館	26770
633	2009	O		0	図書館	36331
634	2009	O		0	博物館，美術館	31827
635	2009	O		0	動物園，植物園，水族館	10861
636	2009	O		0	その他の社会教育	18481
637	2009	O	82	822	職業・教育支援施設	86137
638	2009	O	82	823	学習塾	332541
639	2009	O	82	824	教養・技能教授業	287509
640	2009	O		0	音楽教授業	46576
641	2009	O		0	書道教授業	17211
642	2009	O		0	生花・茶道教授業	8168
643	2009	O		0	そろばん教授業	14629
644	2009	O		0	外国語会話教授業	37852
645	2009	O		0	スポーツ・健康教授業	68907
646	2009	O		0	その他の教養・技能教授業	94166
647	2009	O	82	829	他に分類されない教育，学習支援業	81601
648	2009	P		0	医療，福祉	6386056
649	2009	P	83	0	医療業	3509227
650	2009	P	83	830	管理，補助的経済活動を行う事業所	5585
651	2009	P	83	831	病院	1906762
652	2009	P	83	832	一般診療所	873465
653	2009	P	83	833	歯科診療所	402629
654	2009	P	83	834	助産・看護業	28107
655	2009	P		0	助産所	1523
656	2009	P		0	看護業	26584
657	2009	P	83	835	療術業	217942
658	2009	P	83	836	医療に附帯するサービス業	74737
659	2009	P		0	歯科技工所	26714
660	2009	P		0	その他の医療に附帯するサービス業	48023
661	2009	P	84	0	保健衛生	123864
662	2009	P	84	840	管理，補助的経済活動を行う事業所	199
663	2009	P	84	841	保健所	25965
664	2009	P	84	842	健康相談施設	84106
665	2009	P	84	849	その他の保健衛生	13594
666	2009	P	85	0	社会保険・社会福祉・介護事業	2752965
667	2009	P	85	850	管理，補助的経済活動を行う事業所	11275
668	2009	P	85	851	社会保険事業団体	51984
669	2009	P	85	852	福祉事務所	39766
670	2009	P	85	853	児童福祉事業	703127
671	2009	P		0	保育所	558093
672	2009	P		0	その他の児童福祉事業	145034
673	2009	P	85	854	老人福祉・介護事業	1593913
674	2009	P		0	特別養護老人ホーム	426101
675	2009	P		0	介護老人保健施設	243025
676	2009	P		0	通所・短期入所介護事業	220707
677	2009	P		0	訪問介護事業	321467
678	2009	P		0	認知症老人グループホーム	98617
679	2009	P		0	有料老人ホーム	91087
680	2009	P		0	その他の老人福祉・介護事業	112191
681	2009	P	85	855	障害者福祉事業	229360
682	2009	P	85	859	その他の社会保険等	123540
683	2009	P		0	更生保護事業	1078
684	2009	P		0	分類されない社会保険等	122462
685	2009	Q		0	複合サービス事業	406970
686	2009	Q	86	0	郵便局	170567
687	2009	Q	86	860	管理，補助的経済活動を行う事業所	8647
688	2009	Q	86	861	郵便局	151290
689	2009	Q	86	862	郵便局受託業	10630
690	2009	Q	87	0	協同組合（他に分類されないもの）	236403
691	2009	Q	87	870	管理，補助的経済活動を行う事業所	7709
692	2009	Q	87	871	農林水産業協同組合	216907
693	2009	Q	87	872	事業協同組合	11787
694	2009	R		0	サービス業（他に分類されないもの）	4684389
695	2009	R	88	0	廃棄物処理業	328986
696	2009	R	88	880	管理，補助的経済活動を行う事業所	3122
697	2009	R	88	881	一般廃棄物処理業	218524
698	2009	R	88	882	産業廃棄物処理業	106222
699	2009	R	88	889	その他の廃棄物処理業	1118
700	2009	R	89	0	自動車整備業	272354
701	2009	R	89	890	管理，補助的経済活動を行う事業所	735
702	2009	R	89	891	自動車整備業	271619
703	2009	R	90	0	機械等修理業（別掲を除く）	270512
704	2009	R	90	900	管理，補助的経済活動を行う事業所	3522
705	2009	R	90	901	機械修理業（電気機械器具を除く）	151685
706	2009	R	90	902	電気機械器具修理業	83286
707	2009	R	90	903	表具業	7164
708	2009	R	90	909	その他の修理業	24855
709	2009	R	91	0	職業紹介・労働者派遣業	915245
710	2009	R	91	910	管理，補助的経済活動を行う事業所	6332
711	2009	R	91	911	職業紹介業	54782
712	2009	R	91	912	労働者派遣業	854131
713	2009	R	92	0	その他の事業サービス業	2275606
714	2009	R	92	920	管理，補助的経済活動を行う事業所	23672
715	2009	R	92	921	速記・ワープロ入力・複写業	20093
716	2009	R	92	922	建物サービス業	957152
717	2009	R	92	923	警備業	398958
718	2009	R	92	929	他に分類されない事業サービス業	875731
719	2009	R	93	0	政治・経済・文化団体	282795
720	2009	R	93	931	経済団体	122458
721	2009	R	93	932	労働団体	24310
722	2009	R	93	933	学術・文化団体	6863
723	2009	R	93	934	政治団体	5048
724	2009	R	93	939	他に分類されない非営利的団体	124116
725	2009	R	94	0	宗教	290752
726	2009	R	94	941	神道系宗教	42445
727	2009	R	94	942	仏教系宗教	187764
728	2009	R	94	943	キリスト教系宗教	17800
729	2009	R	94	949	その他の宗教	42743
730	2009	R	95	0	その他のサービス業	48139
731	2009	R	95	950	管理，補助的経済活動を行う事業所	177
732	2009	R	95	951	集会場	33826
733	2009	R	95	952	と畜場	4052
734	2009	R	95	959	他に分類されないサービス業	10084
735	2009	S		0	公務（他に分類されるものを除く）	1868690
736	2009	S	97	0	国家公務	553668
737	2009	S	97	971	立法機関	3063
738	2009	S	97	972	司法機関	24826
739	2009	S	97	973	行政機関	525779
740	2009	S	98	0	地方公務	1315022
741	2009	S	98	981	都道府県機関	491815
742	2009	S	98	982	市町村機関	823207